Chronologic VCS simulator copyright 1991-2023
Contains Synopsys proprietary information.
Compiler version V-2023.12-SP2_Full64; Runtime version V-2023.12-SP2_Full64;  Aug 31 16:21 2026
     -.--ns INFO     gpi                                ..mbed/gpi_embed.cpp:79   in set_program_name_in_venv        Did not detect Python virtual environment. Using system-wide Python interpreter
     -.--ns INFO     gpi                                ../gpi/GpiCommon.cpp:101  in gpi_print_registered_impl       VPI registered
     0.00ns INFO     cocotb                             Running on Chronologic Simulation VCS Release version V-2023.12-SP2_Full64
     0.00ns INFO     cocotb                             Running tests with cocotb v1.9.0 from /NAS/Tools/anaconda3/envs/py3.11/lib/python3.11/site-packages/cocotb
     0.00ns INFO     cocotb                             Seeding Python random module with 1788164561
     0.00ns INFO     cocotb.regression                  pytest not found, install it to enable better AssertionError messages
     0.00ns INFO     cocotb.regression                  Found test cocotb_bridge.test_qwen_blk0
     0.00ns INFO     cocotb.regression                  running test_qwen_blk0 (1/1)
                                                          Qwen2.5-3B blk.0 full-chain e2e test - 17 operations via Cocotb.
                                                          
                                                          Reads ``blk0_manifest.json`` to drive all 17 operations
                                                          (RMSNorm, MMUL, RoPE, Softmax, VRESID, SiLU, VMUL) through
                                                          the RTL SoC and compares against pre-computed golden outputs.
                                                          
                                                          This is the entry point for ``make run_e2e_blk0``.
[DBG 1000 cy=0] instr_req=0 instr_rdata=00000013 data_req=0 data_we=0 data_addr=xxxxxxxX data_rdata=00000000 data_rvalid=0 state=0 apb_prdata=00000000 apb_pready=1
[DBG 2000 cy=1] instr_req=0 instr_rdata=00000013 data_req=0 data_we=0 data_addr=xxxxxxxX data_rdata=00000000 data_rvalid=0 state=0 apb_prdata=00000000 apb_pready=1
[DBG 3000 cy=2] instr_req=0 instr_rdata=00000013 data_req=0 data_we=0 data_addr=xxxxxxxX data_rdata=00000000 data_rvalid=0 state=0 apb_prdata=00000000 apb_pready=1
[DBG 4000 cy=3] instr_req=0 instr_rdata=00000013 data_req=0 data_we=0 data_addr=xxxxxxxX data_rdata=00000000 data_rvalid=0 state=0 apb_prdata=00000000 apb_pready=1

============================================================
[TB] tb_soc — CaduceusCore Full-Chip Testbench
[TB] Clock: 1 GHz (period = 1 ns)
[TB] Reset: 5 cycles low → de-assert
[TB] DUT: caduceus_soc_top (CROSSBAR_MASTERS=7)
[TB] Cocotb bridge: sim/cocotb_bridge.py
============================================================
[TB] Reset released at cycle 4 (t=5000 ns)

[DBG 5000 cy=4] instr_req=0 instr_rdata=00000013 data_req=0 data_we=0 data_addr=xxxxxxxX data_rdata=00000000 data_rvalid=0 state=0 apb_prdata=00000000 apb_pready=1
[DBG 6000 cy=5] instr_req=0 instr_rdata=00010297 data_req=0 data_we=0 data_addr=xxxxxxxX data_rdata=00000000 data_rvalid=0 state=0 apb_prdata=00000000 apb_pready=1
[PASS] Clock running at 1 GHz (t=6000)
[PASS] rst_n de-asserted after 5 cycles

[DBG 7000 cy=6] instr_req=1 instr_rdata=00010297 data_req=0 data_we=0 data_addr=xxxxxxxX data_rdata=00000000 data_rvalid=0 state=0 apb_prdata=00000000 apb_pready=1
[DBG 8000 cy=7] instr_req=1 instr_rdata=00010297 data_req=0 data_we=0 data_addr=xxxxxxxX data_rdata=00000000 data_rvalid=0 state=0 apb_prdata=00000000 apb_pready=1
[DBG 9000 cy=8] instr_req=1 instr_rdata=f8028293 data_req=0 data_we=0 data_addr=00010080 data_rdata=00000000 data_rvalid=0 state=0 apb_prdata=00000000 apb_pready=1
[DBG 10000 cy=9] instr_req=1 instr_rdata=00010317 data_req=0 data_we=0 data_addr=00010000 data_rdata=00000000 data_rvalid=0 state=0 apb_prdata=00000000 apb_pready=1
[DBG 11000 cy=10] instr_req=1 instr_rdata=f7830313 data_req=0 data_we=0 data_addr=00010088 data_rdata=00000000 data_rvalid=0 state=0 apb_prdata=00000000 apb_pready=1
[DBG 12000 cy=11] instr_req=1 instr_rdata=00001397 data_req=0 data_we=0 data_addr=00010000 data_rdata=00000000 data_rvalid=0 state=0 apb_prdata=00000000 apb_pready=1
[DBG 13000 cy=12] instr_req=1 instr_rdata=42038393 data_req=0 data_we=0 data_addr=00001090 data_rdata=00000000 data_rvalid=0 state=0 apb_prdata=00000000 apb_pready=1
[DBG 14000 cy=13] instr_req=1 instr_rdata=0062dc63 data_req=0 data_we=0 data_addr=000014b0 data_rdata=00000000 data_rvalid=0 state=0 apb_prdata=00000000 apb_pready=1
[DBG 15000 cy=14] instr_req=1 instr_rdata=0003ae03 data_req=0 data_we=0 data_addr=00000000 data_rdata=00000000 data_rvalid=0 state=0 apb_prdata=00000000 apb_pready=1
[DBG 16000 cy=15] instr_req=1 instr_rdata=01c2a023 data_req=0 data_we=0 data_addr=000000b0 data_rdata=00000000 data_rvalid=0 state=0 apb_prdata=00000000 apb_pready=1
[DBG 17000 cy=16] instr_req=1 instr_rdata=00010297 data_req=0 data_we=0 data_addr=000000b0 data_rdata=00000000 data_rvalid=0 state=0 apb_prdata=00000000 apb_pready=1
[DBG 18000 cy=17] instr_req=1 instr_rdata=f5028293 data_req=0 data_we=0 data_addr=000100b0 data_rdata=00000000 data_rvalid=0 state=0 apb_prdata=00000000 apb_pready=1
[DBG 19000 cy=18] instr_req=1 instr_rdata=00010317 data_req=0 data_we=0 data_addr=00010000 data_rdata=00000000 data_rvalid=0 state=0 apb_prdata=00000000 apb_pready=1
[DBG 20000 cy=19] instr_req=1 instr_rdata=f4c30313 data_req=0 data_we=0 data_addr=000100b8 data_rdata=00000000 data_rvalid=0 state=0 apb_prdata=00000000 apb_pready=1
[DBG 21000 cy=20] instr_req=1 instr_rdata=0062d863 data_req=0 data_we=0 data_addr=00010004 data_rdata=00000000 data_rvalid=0 state=0 apb_prdata=00000000 apb_pready=1
[DBG 22000 cy=21] instr_req=1 instr_rdata=0002a023 data_req=0 data_we=0 data_addr=fffffffc data_rdata=00000000 data_rvalid=0 state=0 apb_prdata=00000000 apb_pready=1
[DBG 23000 cy=22] instr_req=1 instr_rdata=00428293 data_req=1 data_we=1 data_addr=00010000 data_rdata=00000000 data_rvalid=0 state=0 apb_prdata=00000000 apb_pready=1
[DBG 24000 cy=23] instr_req=1 instr_rdata=ff5ff06f data_req=0 data_we=1 data_addr=00010000 data_rdata=00000000 data_rvalid=0 state=5 apb_prdata=00000000 apb_pready=1
[DBG 25000 cy=24] instr_req=0 instr_rdata=00014117 data_req=0 data_we=1 data_addr=00010000 data_rdata=00000000 data_rvalid=1 state=0 apb_prdata=00000000 apb_pready=1
[DBG 26000 cy=25] instr_req=1 instr_rdata=f4010113 data_req=0 data_we=0 data_addr=00010004 data_rdata=00000000 data_rvalid=0 state=0 apb_prdata=00000000 apb_pready=1
[DBG 27000 cy=26] instr_req=1 instr_rdata=f4010113 data_req=0 data_we=0 data_addr=000000c0 data_rdata=00000000 data_rvalid=0 state=0 apb_prdata=00000000 apb_pready=1
[DBG 28000 cy=27] instr_req=1 instr_rdata=0062d863 data_req=0 data_we=0 data_addr=000000d0 data_rdata=00000000 data_rvalid=0 state=0 apb_prdata=00000000 apb_pready=1
[DBG 29000 cy=28] instr_req=1 instr_rdata=0002a023 data_req=0 data_we=0 data_addr=00000000 data_rdata=00000000 data_rvalid=0 state=0 apb_prdata=00000000 apb_pready=1
[DBG 30000 cy=29] instr_req=1 instr_rdata=00428293 data_req=0 data_we=0 data_addr=000000d0 data_rdata=00000000 data_rvalid=0 state=0 apb_prdata=00000000 apb_pready=1
[DBG 31000 cy=30] instr_req=1 instr_rdata=00014117 data_req=0 data_we=0 data_addr=000000d0 data_rdata=00000000 data_rvalid=0 state=0 apb_prdata=00000000 apb_pready=1
[DBG 32000 cy=31] instr_req=1 instr_rdata=f4010113 data_req=0 data_we=0 data_addr=000140d0 data_rdata=00000000 data_rvalid=0 state=0 apb_prdata=00000000 apb_pready=1
[DBG 33000 cy=32] instr_req=1 instr_rdata=00001297 data_req=0 data_we=0 data_addr=00014010 data_rdata=00000000 data_rvalid=0 state=0 apb_prdata=00000000 apb_pready=1
[DBG 34000 cy=33] instr_req=1 instr_rdata=34828293 data_req=0 data_we=0 data_addr=000010d8 data_rdata=00000000 data_rvalid=0 state=0 apb_prdata=00000000 apb_pready=1
[DBG 35000 cy=34] instr_req=1 instr_rdata=30529073 data_req=0 data_we=0 data_addr=00001420 data_rdata=00000000 data_rvalid=0 state=0 apb_prdata=00000000 apb_pready=1
[DBG 36000 cy=35] instr_req=1 instr_rdata=000012b7 data_req=0 data_we=0 data_addr=00001118 data_rdata=00000000 data_rvalid=0 state=0 apb_prdata=00000000 apb_pready=1
[DBG 37000 cy=36] instr_req=1 instr_rdata=88028293 data_req=0 data_we=0 data_addr=00001118 data_rdata=00000000 data_rvalid=0 state=0 apb_prdata=00000000 apb_pready=1
[DBG 38000 cy=37] instr_req=0 instr_rdata=30029073 data_req=0 data_we=0 data_addr=00001118 data_rdata=00000000 data_rvalid=0 state=0 apb_prdata=00000000 apb_pready=1
[DBG 39000 cy=38] instr_req=1 instr_rdata=000012b7 data_req=0 data_we=0 data_addr=00001000 data_rdata=00000000 data_rvalid=0 state=0 apb_prdata=00000000 apb_pready=1
[DBG 40000 cy=39] instr_req=1 instr_rdata=000012b7 data_req=0 data_we=0 data_addr=00000880 data_rdata=00000000 data_rvalid=0 state=0 apb_prdata=00000000 apb_pready=1
[DBG 41000 cy=40] instr_req=1 instr_rdata=80028293 data_req=0 data_we=0 data_addr=00000580 data_rdata=00000000 data_rvalid=0 state=0 apb_prdata=00000000 apb_pready=1
[DBG 42000 cy=41] instr_req=0 instr_rdata=30429073 data_req=0 data_we=0 data_addr=00000580 data_rdata=00000000 data_rvalid=0 state=0 apb_prdata=00000000 apb_pready=1
[DBG 43000 cy=42] instr_req=0 instr_rdata=250010ef data_req=0 data_we=0 data_addr=00000580 data_rdata=00000000 data_rvalid=0 state=0 apb_prdata=00000000 apb_pready=1
[DBG 44000 cy=43] instr_req=1 instr_rdata=250010ef data_req=0 data_we=0 data_addr=00001000 data_rdata=00000000 data_rvalid=0 state=0 apb_prdata=00000000 apb_pready=1
[DBG 45000 cy=44] instr_req=1 instr_rdata=250010ef data_req=0 data_we=0 data_addr=00000800 data_rdata=00000000 data_rvalid=0 state=0 apb_prdata=00000000 apb_pready=1
[DBG 46000 cy=45] instr_req=1 instr_rdata=0000006f data_req=0 data_we=0 data_addr=000004fc data_rdata=00000000 data_rvalid=0 state=0 apb_prdata=00000000 apb_pready=1
[DBG 47000 cy=46] instr_req=0 instr_rdata=342022f3 data_req=0 data_we=0 data_addr=000004fc data_rdata=00000000 data_rvalid=0 state=0 apb_prdata=00000000 apb_pready=1
[DBG 48000 cy=47] instr_req=0 instr_rdata=0002c463 data_req=0 data_we=0 data_addr=000004fc data_rdata=00000000 data_rvalid=0 state=0 apb_prdata=00000000 apb_pready=1
[DBG 49000 cy=48] instr_req=1 instr_rdata=0002c463 data_req=0 data_we=0 data_addr=0000134c data_rdata=00000000 data_rvalid=0 state=0 apb_prdata=00000000 apb_pready=1
[DBG 50000 cy=49] instr_req=1 instr_rdata=fc010113 data_req=0 data_we=0 data_addr=00000100 data_rdata=00000000 data_rvalid=0 state=0 apb_prdata=00000000 apb_pready=1
[DBG 51000 cy=50] instr_req=1 instr_rdata=02112e23 data_req=0 data_we=0 data_addr=00013fd0 data_rdata=00000000 data_rvalid=0 state=0 apb_prdata=00000000 apb_pready=1
[DBG 52000 cy=51] instr_req=1 instr_rdata=02812c23 data_req=1 data_we=1 data_addr=0001400c data_rdata=00000000 data_rvalid=0 state=0 apb_prdata=00000000 apb_pready=1
[DBG 53000 cy=52] instr_req=1 instr_rdata=02912a23 data_req=0 data_we=1 data_addr=0001400c data_rdata=00000000 data_rvalid=0 state=5 apb_prdata=00000000 apb_pready=1
[DBG 54000 cy=53] instr_req=0 instr_rdata=03212823 data_req=0 data_we=1 data_addr=0001400c data_rdata=00000000 data_rvalid=1 state=0 apb_prdata=00000000 apb_pready=1
[DBG 55000 cy=54] instr_req=1 instr_rdata=03312623 data_req=1 data_we=1 data_addr=00014008 data_rdata=00000000 data_rvalid=0 state=0 apb_prdata=00000000 apb_pready=1
[DBG 56000 cy=55] instr_req=0 instr_rdata=03312623 data_req=0 data_we=1 data_addr=00014008 data_rdata=00000000 data_rvalid=0 state=5 apb_prdata=00000000 apb_pready=1
[DBG 57000 cy=56] instr_req=0 instr_rdata=03412423 data_req=0 data_we=1 data_addr=00014008 data_rdata=00000000 data_rvalid=1 state=0 apb_prdata=00000000 apb_pready=1
[DBG 58000 cy=57] instr_req=1 instr_rdata=03412423 data_req=1 data_we=1 data_addr=00014004 data_rdata=00000000 data_rvalid=0 state=0 apb_prdata=00000000 apb_pready=1
[DBG 59000 cy=58] instr_req=0 instr_rdata=03412423 data_req=0 data_we=1 data_addr=00014004 data_rdata=00000000 data_rvalid=0 state=5 apb_prdata=00000000 apb_pready=1
[DBG 60000 cy=59] instr_req=0 instr_rdata=dd5fe0ef data_req=0 data_we=1 data_addr=00014004 data_rdata=00000000 data_rvalid=1 state=0 apb_prdata=00000000 apb_pready=1
[DBG 61000 cy=60] instr_req=1 instr_rdata=dd5fe0ef data_req=1 data_we=1 data_addr=00014000 data_rdata=00000000 data_rvalid=0 state=0 apb_prdata=00000000 apb_pready=1
[DBG 62000 cy=61] instr_req=0 instr_rdata=dd5fe0ef data_req=0 data_we=1 data_addr=00014000 data_rdata=00000000 data_rvalid=0 state=5 apb_prdata=00000000 apb_pready=1
[DBG 63000 cy=62] instr_req=0 instr_rdata=00452403 data_req=0 data_we=1 data_addr=00014000 data_rdata=00000000 data_rvalid=1 state=0 apb_prdata=00000000 apb_pready=1
[DBG 64000 cy=63] instr_req=1 instr_rdata=00452403 data_req=1 data_we=1 data_addr=00013ffc data_rdata=00000000 data_rvalid=0 state=0 apb_prdata=00000000 apb_pready=1
[DBG 65000 cy=64] instr_req=0 instr_rdata=00452403 data_req=0 data_we=1 data_addr=00013ffc data_rdata=00000000 data_rvalid=0 state=5 apb_prdata=00000000 apb_pready=1
[DBG 66000 cy=65] instr_req=0 instr_rdata=dd5fe0ef data_req=0 data_we=1 data_addr=00013ffc data_rdata=00000000 data_rvalid=1 state=0 apb_prdata=00000000 apb_pready=1
[DBG 67000 cy=66] instr_req=1 instr_rdata=dd5fe0ef data_req=1 data_we=1 data_addr=00013ff8 data_rdata=00000000 data_rvalid=0 state=0 apb_prdata=00000000 apb_pready=1
[DBG 68000 cy=67] instr_req=0 instr_rdata=dd5fe0ef data_req=0 data_we=1 data_addr=00013ff8 data_rdata=00000000 data_rvalid=0 state=5 apb_prdata=00000000 apb_pready=1
[DBG 69000 cy=68] instr_req=0 instr_rdata=1ff00793 data_req=0 data_we=1 data_addr=00013ff8 data_rdata=00000000 data_rvalid=1 state=0 apb_prdata=00000000 apb_pready=1
[DBG 70000 cy=69] instr_req=1 instr_rdata=1ff00793 data_req=0 data_we=0 data_addr=0000013c data_rdata=00000000 data_rvalid=0 state=0 apb_prdata=00000000 apb_pready=1
[DBG 71000 cy=70] instr_req=1 instr_rdata=40005537 data_req=0 data_we=0 data_addr=0000136c data_rdata=00000000 data_rvalid=0 state=0 apb_prdata=00000000 apb_pready=1
[DBG 72000 cy=71] instr_req=1 instr_rdata=00008067 data_req=0 data_we=0 data_addr=40005000 data_rdata=00000000 data_rvalid=0 state=0 apb_prdata=00000000 apb_pready=1
[DBG 73000 cy=72] instr_req=1 instr_rdata=40006537 data_req=0 data_we=0 data_addr=0000136c data_rdata=00000000 data_rvalid=0 state=0 apb_prdata=00000000 apb_pready=1
[DBG 74000 cy=73] instr_req=1 instr_rdata=00452403 data_req=0 data_we=0 data_addr=00000144 data_rdata=00000000 data_rvalid=0 state=0 apb_prdata=00000000 apb_pready=1
[DBG 75000 cy=74] instr_req=1 instr_rdata=dd5fe0ef data_req=1 data_we=0 data_addr=40005004 data_rdata=00000000 data_rvalid=0 state=0 apb_prdata=00000000 apb_pready=1
[DBG 76000 cy=75] instr_req=1 instr_rdata=1ff00793 data_req=0 data_we=0 data_addr=40005004 data_rdata=00000000 data_rvalid=0 state=3 apb_prdata=00000000 apb_pready=0
[DBG 77000 cy=76] instr_req=0 instr_rdata=00f52223 data_req=0 data_we=0 data_addr=40005004 data_rdata=00000000 data_rvalid=0 state=3 apb_prdata=00000000 apb_pready=1
[DBG 78000 cy=77] instr_req=0 instr_rdata=deadc7b7 data_req=0 data_we=0 data_addr=40005004 data_rdata=00000000 data_rvalid=1 state=0 apb_prdata=00000000 apb_pready=0
[DBG 79000 cy=78] instr_req=1 instr_rdata=deadc7b7 data_req=0 data_we=0 data_addr=00000144 data_rdata=00000000 data_rvalid=0 state=0 apb_prdata=00000000 apb_pready=0
[DBG 80000 cy=79] instr_req=1 instr_rdata=40006537 data_req=0 data_we=0 data_addr=00001374 data_rdata=00000000 data_rvalid=0 state=0 apb_prdata=00000000 apb_pready=0
[DBG 81000 cy=80] instr_req=1 instr_rdata=00008067 data_req=0 data_we=0 data_addr=40006000 data_rdata=00000000 data_rvalid=0 state=0 apb_prdata=00000000 apb_pready=0
[DBG 82000 cy=81] instr_req=1 instr_rdata=0040006f data_req=0 data_we=0 data_addr=00001374 data_rdata=00000000 data_rvalid=0 state=0 apb_prdata=00000000 apb_pready=0
[DBG 83000 cy=82] instr_req=1 instr_rdata=1ff00793 data_req=0 data_we=0 data_addr=0000014c data_rdata=00000000 data_rvalid=0 state=0 apb_prdata=00000000 apb_pready=0
[DBG 84000 cy=83] instr_req=1 instr_rdata=00f52223 data_req=0 data_we=0 data_addr=000001fc data_rdata=00000000 data_rvalid=0 state=0 apb_prdata=00000000 apb_pready=0
[DBG 85000 cy=84] instr_req=1 instr_rdata=deadc7b7 data_req=1 data_we=1 data_addr=40006004 data_rdata=00000000 data_rvalid=0 state=0 apb_prdata=00000000 apb_pready=0
[DBG 86000 cy=85] instr_req=1 instr_rdata=80008737 data_req=0 data_we=1 data_addr=40006004 data_rdata=00000000 data_rvalid=0 state=4 apb_prdata=00000000 apb_pready=1
[DBG 87000 cy=86] instr_req=0 instr_rdata=eef78793 data_req=0 data_we=1 data_addr=40006004 data_rdata=00000000 data_rvalid=0 state=4 apb_prdata=00000000 apb_pready=1
[DBG 88000 cy=87] instr_req=0 instr_rdata=00f72023 data_req=0 data_we=1 data_addr=40006004 data_rdata=00000000 data_rvalid=1 state=0 apb_prdata=00000000 apb_pready=1
[DBG 89000 cy=88] instr_req=1 instr_rdata=00f72023 data_req=0 data_we=0 data_addr=deadc000 data_rdata=00000000 data_rvalid=0 state=0 apb_prdata=00000000 apb_pready=1
[DBG 90000 cy=89] instr_req=1 instr_rdata=00f72023 data_req=0 data_we=0 data_addr=80008000 data_rdata=00000000 data_rvalid=0 state=0 apb_prdata=00000000 apb_pready=1
[DBG 91000 cy=90] instr_req=1 instr_rdata=00072703 data_req=0 data_we=0 data_addr=deadbeec data_rdata=00000000 data_rvalid=0 state=0 apb_prdata=00000000 apb_pready=1
[DBG 92000 cy=91] instr_req=1 instr_rdata=0bb00493 data_req=1 data_we=1 data_addr=80008000 data_rdata=00000000 data_rvalid=0 state=0 apb_prdata=00000000 apb_pready=1
[DBG 93000 cy=92] instr_req=0 instr_rdata=00f71463 data_req=0 data_we=1 data_addr=80008000 data_rdata=00000000 data_rvalid=0 state=2 apb_prdata=00000000 apb_pready=1
[DBG 94000 cy=93] instr_req=0 instr_rdata=0aa00493 data_req=0 data_we=1 data_addr=80008000 data_rdata=00000000 data_rvalid=0 state=2 apb_prdata=00000000 apb_pready=1
[DBG 95000 cy=94] instr_req=0 instr_rdata=0aa00493 data_req=0 data_we=1 data_addr=80008000 data_rdata=00000000 data_rvalid=0 state=2 apb_prdata=00000000 apb_pready=1
[DBG 96000 cy=95] instr_req=0 instr_rdata=0aa00493 data_req=0 data_we=1 data_addr=80008000 data_rdata=00000000 data_rvalid=0 state=2 apb_prdata=00000000 apb_pready=1
[DBG 97000 cy=96] instr_req=0 instr_rdata=0aa00493 data_req=0 data_we=1 data_addr=80008000 data_rdata=00000000 data_rvalid=0 state=2 apb_prdata=00000000 apb_pready=1
[DBG 98000 cy=97] instr_req=0 instr_rdata=0aa00493 data_req=0 data_we=1 data_addr=80008000 data_rdata=00000000 data_rvalid=0 state=2 apb_prdata=00000000 apb_pready=1
[DBG 99000 cy=98] instr_req=0 instr_rdata=0aa00493 data_req=0 data_we=1 data_addr=80008000 data_rdata=00000000 data_rvalid=0 state=2 apb_prdata=00000000 apb_pready=1
[DBG 100000 cy=99] instr_req=0 instr_rdata=0aa00493 data_req=0 data_we=1 data_addr=80008000 data_rdata=00000000 data_rvalid=0 state=2 apb_prdata=00000000 apb_pready=1
[DBG 101000 cy=100] instr_req=0 instr_rdata=0aa00493 data_req=0 data_we=1 data_addr=80008000 data_rdata=00000000 data_rvalid=0 state=2 apb_prdata=00000000 apb_pready=1
[DBG 102000 cy=101] instr_req=0 instr_rdata=0aa00493 data_req=0 data_we=1 data_addr=80008000 data_rdata=00000000 data_rvalid=0 state=2 apb_prdata=00000000 apb_pready=1
[DBG 103000 cy=102] instr_req=0 instr_rdata=0aa00493 data_req=0 data_we=1 data_addr=80008000 data_rdata=00000000 data_rvalid=0 state=2 apb_prdata=00000000 apb_pready=1
[DBG 104000 cy=103] instr_req=0 instr_rdata=0aa00493 data_req=0 data_we=1 data_addr=80008000 data_rdata=00000000 data_rvalid=0 state=2 apb_prdata=00000000 apb_pready=1
[DBG 105000 cy=104] instr_req=0 instr_rdata=0aa00493 data_req=0 data_we=1 data_addr=80008000 data_rdata=00000000 data_rvalid=0 state=2 apb_prdata=00000000 apb_pready=1
[DBG 106000 cy=105] instr_req=0 instr_rdata=0aa00493 data_req=0 data_we=1 data_addr=80008000 data_rdata=00000000 data_rvalid=0 state=2 apb_prdata=00000000 apb_pready=1
[DBG 107000 cy=106] instr_req=0 instr_rdata=0aa00493 data_req=0 data_we=1 data_addr=80008000 data_rdata=00000000 data_rvalid=0 state=2 apb_prdata=00000000 apb_pready=1
[DBG 108000 cy=107] instr_req=0 instr_rdata=0aa00493 data_req=0 data_we=1 data_addr=80008000 data_rdata=00000000 data_rvalid=0 state=2 apb_prdata=00000000 apb_pready=1
[DBG 109000 cy=108] instr_req=0 instr_rdata=0aa00493 data_req=0 data_we=1 data_addr=80008000 data_rdata=00000000 data_rvalid=0 state=2 apb_prdata=00000000 apb_pready=1
[DBG 110000 cy=109] instr_req=0 instr_rdata=0aa00493 data_req=0 data_we=1 data_addr=80008000 data_rdata=00000000 data_rvalid=0 state=2 apb_prdata=00000000 apb_pready=1
[DBG 111000 cy=110] instr_req=0 instr_rdata=0aa00493 data_req=0 data_we=1 data_addr=80008000 data_rdata=00000000 data_rvalid=0 state=2 apb_prdata=00000000 apb_pready=1
[DBG 112000 cy=111] instr_req=0 instr_rdata=0aa00493 data_req=0 data_we=1 data_addr=80008000 data_rdata=00000000 data_rvalid=0 state=2 apb_prdata=00000000 apb_pready=1
[DBG 113000 cy=112] instr_req=0 instr_rdata=0aa00493 data_req=0 data_we=1 data_addr=80008000 data_rdata=00000000 data_rvalid=0 state=2 apb_prdata=00000000 apb_pready=1
[DBG 114000 cy=113] instr_req=0 instr_rdata=0aa00493 data_req=0 data_we=1 data_addr=80008000 data_rdata=00000000 data_rvalid=0 state=2 apb_prdata=00000000 apb_pready=1
[DBG 115000 cy=114] instr_req=0 instr_rdata=0aa00493 data_req=0 data_we=1 data_addr=80008000 data_rdata=00000000 data_rvalid=0 state=2 apb_prdata=00000000 apb_pready=1
[DBG 116000 cy=115] instr_req=0 instr_rdata=0aa00493 data_req=0 data_we=1 data_addr=80008000 data_rdata=00000000 data_rvalid=0 state=2 apb_prdata=00000000 apb_pready=1
[DBG 117000 cy=116] instr_req=0 instr_rdata=0aa00493 data_req=0 data_we=1 data_addr=80008000 data_rdata=00000000 data_rvalid=0 state=2 apb_prdata=00000000 apb_pready=1
[DBG 118000 cy=117] instr_req=0 instr_rdata=0aa00493 data_req=0 data_we=1 data_addr=80008000 data_rdata=00000000 data_rvalid=0 state=2 apb_prdata=00000000 apb_pready=1
[DBG 119000 cy=118] instr_req=0 instr_rdata=0aa00493 data_req=0 data_we=1 data_addr=80008000 data_rdata=00000000 data_rvalid=0 state=2 apb_prdata=00000000 apb_pready=1
[DBG 120000 cy=119] instr_req=0 instr_rdata=0aa00493 data_req=0 data_we=1 data_addr=80008000 data_rdata=00000000 data_rvalid=0 state=2 apb_prdata=00000000 apb_pready=1
[TB] SoC warm-up: 205 cycles elapsed
[TB] Ibex should be booting from boot_rom...

[TB] COCOTB mode — waiting for Python control...
  2324.50ns WARNING  cocotb_bridge                      [diag] op00_RMSNORM pre-attn: input SRAM at 0x20010000 = e057d054a0d24052c0cc30d40044c052
  2344.50ns WARNING  cocotb_bridge                      [sfu_mon] op00_RMSNORM pre-attn sfu_raddr=0x20010000 rdata=0x54D057E0
  2345.50ns WARNING  cocotb_bridge                      [sfu_mon] op00_RMSNORM pre-attn sfu_raddr=0x20010004 rdata=0x5240D2A0
  2346.50ns WARNING  cocotb_bridge                      [sfu_mon] op00_RMSNORM pre-attn sfu_raddr=0x20010004 rdata=0x5240D2A0
  2347.50ns WARNING  cocotb_bridge                      [sfu_mon] op00_RMSNORM pre-attn sfu_raddr=0x20010008 rdata=0xD430CCC0
  2348.50ns WARNING  cocotb_bridge                      [sfu_mon] op00_RMSNORM pre-attn sfu_raddr=0x20010008 rdata=0xD430CCC0
  2349.50ns WARNING  cocotb_bridge                      [sfu_mon] op00_RMSNORM pre-attn sfu_raddr=0x2001000C rdata=0x52C04400
  2350.50ns WARNING  cocotb_bridge                      [sfu_mon] op00_RMSNORM pre-attn sfu_raddr=0x2001000C rdata=0x52C04400
  2351.50ns WARNING  cocotb_bridge                      [sfu_mon] op00_RMSNORM pre-attn sfu_raddr=0x20010010 rdata=0xCCC0C000
  2352.50ns WARNING  cocotb_bridge                      [sfu_mon] op00_RMSNORM pre-attn sfu_raddr=0x20010010 rdata=0xCCC0C000
  2353.50ns WARNING  cocotb_bridge                      [sfu_mon] op00_RMSNORM pre-attn sfu_raddr=0x20010014 rdata=0xD2E0D400
  2354.50ns WARNING  cocotb_bridge                      [sfu_mon] op00_RMSNORM pre-attn sfu_raddr=0x20010014 rdata=0xD2E0D400
  2355.50ns WARNING  cocotb_bridge                      [sfu_mon] op00_RMSNORM pre-attn sfu_raddr=0x20010018 rdata=0xD360D3C0
  2356.50ns WARNING  cocotb_bridge                      [sfu_mon] op00_RMSNORM pre-attn sfu_raddr=0x20010018 rdata=0xD360D3C0
  2357.50ns WARNING  cocotb_bridge                      [sfu_mon] op00_RMSNORM pre-attn sfu_raddr=0x2001001C rdata=0xCCC05200
  2358.50ns WARNING  cocotb_bridge                      [sfu_mon] op00_RMSNORM pre-attn sfu_raddr=0x2001001C rdata=0xCCC05200
  2359.50ns WARNING  cocotb_bridge                      [sfu_mon] op00_RMSNORM pre-attn sfu_raddr=0x20010020 rdata=0x56F055C0
  2360.50ns WARNING  cocotb_bridge                      [sfu_mon] op00_RMSNORM pre-attn sfu_raddr=0x20010020 rdata=0x56F055C0
  2361.50ns WARNING  cocotb_bridge                      [sfu_mon] op00_RMSNORM pre-attn sfu_raddr=0x20010024 rdata=0xD460D6E0
  2362.50ns WARNING  cocotb_bridge                      [sfu_mon] op00_RMSNORM pre-attn sfu_raddr=0x20010024 rdata=0xD460D6E0
  2363.50ns WARNING  cocotb_bridge                      [sfu_mon] op00_RMSNORM pre-attn sfu_raddr=0x20010028 rdata=0x5540CF80
  2364.50ns WARNING  cocotb_bridge                      [sfu_mon] op00_RMSNORM pre-attn AR addr=0x20010040
  2364.50ns WARNING  cocotb_bridge                      [sfu_mon] op00_RMSNORM pre-attn sfu_raddr=0x20010028 rdata=0x5540CF80
  2365.50ns WARNING  cocotb_bridge                      [sfu_mon] op00_RMSNORM pre-attn sfu_raddr=0x2001002C rdata=0x520055D0
  2366.50ns WARNING  cocotb_bridge                      [sfu_mon] op00_RMSNORM pre-attn R data=0x4d00ce805580cb8051e0d1e0d800d000cdc0d4e0d140561057b0d6d0d0805560547051e05660d470cd00d2005280c500c20053205780cd805300d510d620d1a0
  2366.50ns WARNING  cocotb_bridge                      [sfu_mon] op00_RMSNORM pre-attn sfu_raddr=0x2001002C rdata=0x520055D0
  2367.50ns WARNING  cocotb_bridge                      [sfu_mon] op00_RMSNORM pre-attn sfu_raddr=0x20010030 rdata=0x57605660
  2368.50ns WARNING  cocotb_bridge                      [sfu_mon] op00_RMSNORM pre-attn sfu_raddr=0x20010030 rdata=0x57605660
  2369.50ns WARNING  cocotb_bridge                      [sfu_mon] op00_RMSNORM pre-attn sfu_raddr=0x20010034 rdata=0x4A80D5E0
  2370.50ns WARNING  cocotb_bridge                      [sfu_mon] op00_RMSNORM pre-attn sfu_raddr=0x20010034 rdata=0x4A80D5E0
  2371.50ns WARNING  cocotb_bridge                      [sfu_mon] op00_RMSNORM pre-attn sfu_raddr=0x20010038 rdata=0xD440D6F0
  2372.50ns WARNING  cocotb_bridge                      [sfu_mon] op00_RMSNORM pre-attn sfu_raddr=0x20010038 rdata=0xD440D6F0
  2373.50ns WARNING  cocotb_bridge                      [sfu_mon] op00_RMSNORM pre-attn sfu_raddr=0x2001003C rdata=0x5300D660
  2374.50ns WARNING  cocotb_bridge                      [sfu_mon] op00_RMSNORM pre-attn sfu_raddr=0x2001003C rdata=0x5300D660
  2375.50ns WARNING  cocotb_bridge                      [sfu_mon] op00_RMSNORM pre-attn sfu_raddr=0x20010040 rdata=0xD620D1A0
  2376.50ns WARNING  cocotb_bridge                      [sfu_mon] op00_RMSNORM pre-attn sfu_raddr=0x20010040 rdata=0xD620D1A0
  2377.50ns WARNING  cocotb_bridge                      [sfu_mon] op00_RMSNORM pre-attn sfu_raddr=0x20010044 rdata=0x5300D510
  2378.50ns WARNING  cocotb_bridge                      [sfu_mon] op00_RMSNORM pre-attn sfu_raddr=0x20010044 rdata=0x5300D510
  2379.50ns WARNING  cocotb_bridge                      [sfu_mon] op00_RMSNORM pre-attn sfu_raddr=0x20010048 rdata=0x5780CD80
  2380.50ns WARNING  cocotb_bridge                      [sfu_mon] op00_RMSNORM pre-attn sfu_raddr=0x20010048 rdata=0x5780CD80
  2381.50ns WARNING  cocotb_bridge                      [sfu_mon] op00_RMSNORM pre-attn sfu_raddr=0x2001004C rdata=0xC2005320
  2382.50ns WARNING  cocotb_bridge                      [sfu_mon] op00_RMSNORM pre-attn sfu_raddr=0x2001004C rdata=0xC2005320
  2383.50ns WARNING  cocotb_bridge                      [sfu_mon] op00_RMSNORM pre-attn sfu_raddr=0x20010050 rdata=0x5280C500
  2384.50ns WARNING  cocotb_bridge                      [sfu_mon] op00_RMSNORM pre-attn sfu_raddr=0x20010050 rdata=0x5280C500
  2385.50ns WARNING  cocotb_bridge                      [sfu_mon] op00_RMSNORM pre-attn sfu_raddr=0x20010054 rdata=0xCD00D200
  2386.50ns WARNING  cocotb_bridge                      [sfu_mon] op00_RMSNORM pre-attn sfu_raddr=0x20010054 rdata=0xCD00D200
  2387.50ns WARNING  cocotb_bridge                      [sfu_mon] op00_RMSNORM pre-attn sfu_raddr=0x20010058 rdata=0x5660D470
  2388.50ns WARNING  cocotb_bridge                      [sfu_mon] op00_RMSNORM pre-attn sfu_raddr=0x20010058 rdata=0x5660D470
  2389.50ns WARNING  cocotb_bridge                      [sfu_mon] op00_RMSNORM pre-attn sfu_raddr=0x2001005C rdata=0x547051E0
  2390.50ns WARNING  cocotb_bridge                      [sfu_mon] op00_RMSNORM pre-attn sfu_raddr=0x2001005C rdata=0x547051E0
  2391.50ns WARNING  cocotb_bridge                      [sfu_mon] op00_RMSNORM pre-attn sfu_raddr=0x20010060 rdata=0xD0805560
  2392.50ns WARNING  cocotb_bridge                      [sfu_mon] op00_RMSNORM pre-attn sfu_raddr=0x20010060 rdata=0xD0805560
  2393.50ns WARNING  cocotb_bridge                      [sfu_mon] op00_RMSNORM pre-attn sfu_raddr=0x20010064 rdata=0x57B0D6D0
  2394.50ns WARNING  cocotb_bridge                      [sfu_mon] op00_RMSNORM pre-attn sfu_raddr=0x20010064 rdata=0x57B0D6D0
  2395.50ns WARNING  cocotb_bridge                      [sfu_mon] op00_RMSNORM pre-attn sfu_raddr=0x20010068 rdata=0xD1405610
  2396.50ns WARNING  cocotb_bridge                      [sfu_mon] op00_RMSNORM pre-attn AR addr=0x20010080
  2396.50ns WARNING  cocotb_bridge                      [sfu_mon] op00_RMSNORM pre-attn sfu_raddr=0x20010068 rdata=0xD1405610
  2397.50ns WARNING  cocotb_bridge                      [sfu_mon] op00_RMSNORM pre-attn sfu_raddr=0x2001006C rdata=0xCDC0D4E0
  2398.50ns WARNING  cocotb_bridge                      [sfu_mon] op00_RMSNORM pre-attn R data=0xd1c057b04a804e4053405060d800cc4050004dc055805600d12055a0420051c0ce805120d6a0d600cf00cfc05500d2e0d5d055305500d510c500d620d0c0c000
  2398.50ns WARNING  cocotb_bridge                      [sfu_mon] op00_RMSNORM pre-attn sfu_raddr=0x2001006C rdata=0xCDC0D4E0
  2399.50ns WARNING  cocotb_bridge                      [sfu_mon] op00_RMSNORM pre-attn sfu_raddr=0x20010070 rdata=0xD800D000
  2400.50ns WARNING  cocotb_bridge                      [sfu_mon] op00_RMSNORM pre-attn sfu_raddr=0x20010070 rdata=0xD800D000
  2401.50ns WARNING  cocotb_bridge                      [sfu_mon] op00_RMSNORM pre-attn sfu_raddr=0x20010074 rdata=0x51E0D1E0
  2402.50ns WARNING  cocotb_bridge                      [sfu_mon] op00_RMSNORM pre-attn sfu_raddr=0x20010074 rdata=0x51E0D1E0
  2403.50ns WARNING  cocotb_bridge                      [sfu_mon] op00_RMSNORM pre-attn sfu_raddr=0x20010078 rdata=0x5580CB80
  2404.50ns WARNING  cocotb_bridge                      [sfu_mon] op00_RMSNORM pre-attn sfu_raddr=0x20010078 rdata=0x5580CB80
  2405.50ns WARNING  cocotb_bridge                      [sfu_mon] op00_RMSNORM pre-attn sfu_raddr=0x2001007C rdata=0x4D00CE80
  2406.50ns WARNING  cocotb_bridge                      [sfu_mon] op00_RMSNORM pre-attn sfu_raddr=0x2001007C rdata=0x4D00CE80
  2407.50ns WARNING  cocotb_bridge                      [sfu_mon] op00_RMSNORM pre-attn sfu_raddr=0x20010080 rdata=0xD0C0C000
  2408.50ns WARNING  cocotb_bridge                      [sfu_mon] op00_RMSNORM pre-attn sfu_raddr=0x20010080 rdata=0xD0C0C000
  2409.50ns WARNING  cocotb_bridge                      [sfu_mon] op00_RMSNORM pre-attn sfu_raddr=0x20010084 rdata=0xC500D620
  2410.50ns WARNING  cocotb_bridge                      [sfu_mon] op00_RMSNORM pre-attn sfu_raddr=0x20010084 rdata=0xC500D620
  2411.50ns WARNING  cocotb_bridge                      [sfu_mon] op00_RMSNORM pre-attn sfu_raddr=0x20010088 rdata=0x5500D510
  2412.50ns WARNING  cocotb_bridge                      [sfu_mon] op00_RMSNORM pre-attn sfu_raddr=0x20010088 rdata=0x5500D510
  2413.50ns WARNING  cocotb_bridge                      [sfu_mon] op00_RMSNORM pre-attn sfu_raddr=0x2001008C rdata=0xD5D05530
  2414.50ns WARNING  cocotb_bridge                      [sfu_mon] op00_RMSNORM pre-attn sfu_raddr=0x2001008C rdata=0xD5D05530
  2415.50ns WARNING  cocotb_bridge                      [sfu_mon] op00_RMSNORM pre-attn sfu_raddr=0x20010090 rdata=0x5500D2E0
  2416.50ns WARNING  cocotb_bridge                      [sfu_mon] op00_RMSNORM pre-attn sfu_raddr=0x20010090 rdata=0x5500D2E0
  2417.50ns WARNING  cocotb_bridge                      [sfu_mon] op00_RMSNORM pre-attn sfu_raddr=0x20010094 rdata=0xCF00CFC0
  2418.50ns WARNING  cocotb_bridge                      [sfu_mon] op00_RMSNORM pre-attn sfu_raddr=0x20010094 rdata=0xCF00CFC0
  2419.50ns WARNING  cocotb_bridge                      [sfu_mon] op00_RMSNORM pre-attn sfu_raddr=0x20010098 rdata=0xD6A0D600
  2420.50ns WARNING  cocotb_bridge                      [sfu_mon] op00_RMSNORM pre-attn sfu_raddr=0x20010098 rdata=0xD6A0D600
  2421.50ns WARNING  cocotb_bridge                      [sfu_mon] op00_RMSNORM pre-attn sfu_raddr=0x2001009C rdata=0xCE805120
  2422.50ns WARNING  cocotb_bridge                      [sfu_mon] op00_RMSNORM pre-attn sfu_raddr=0x2001009C rdata=0xCE805120
  2423.50ns WARNING  cocotb_bridge                      [sfu_mon] op00_RMSNORM pre-attn sfu_raddr=0x200100A0 rdata=0x420051C0
  2424.50ns WARNING  cocotb_bridge                      [sfu_mon] op00_RMSNORM pre-attn sfu_raddr=0x200100A0 rdata=0x420051C0
  2425.50ns WARNING  cocotb_bridge                      [sfu_mon] op00_RMSNORM pre-attn sfu_raddr=0x200100A4 rdata=0xD12055A0
  2426.50ns WARNING  cocotb_bridge                      [sfu_mon] op00_RMSNORM pre-attn sfu_raddr=0x200100A4 rdata=0xD12055A0
  2427.50ns WARNING  cocotb_bridge                      [sfu_mon] op00_RMSNORM pre-attn sfu_raddr=0x200100A8 rdata=0x55805600
  2428.50ns WARNING  cocotb_bridge                      [sfu_mon] op00_RMSNORM pre-attn AR addr=0x200100C0
  2428.50ns WARNING  cocotb_bridge                      [sfu_mon] op00_RMSNORM pre-attn sfu_raddr=0x200100A8 rdata=0x55805600
  2429.50ns WARNING  cocotb_bridge                      [sfu_mon] op00_RMSNORM pre-attn sfu_raddr=0x200100AC rdata=0x50004DC0
  2430.50ns WARNING  cocotb_bridge                      [sfu_mon] op00_RMSNORM pre-attn R data=0x502053a0d610d4f0538056d0d380d3804e00d77057c05500cec05660d460d000522055b0c7005080d710d320d74057d0d42051004980d240cc00d340d360d1a0
  2430.50ns WARNING  cocotb_bridge                      [sfu_mon] op00_RMSNORM pre-attn sfu_raddr=0x200100AC rdata=0x50004DC0
  2431.50ns WARNING  cocotb_bridge                      [sfu_mon] op00_RMSNORM pre-attn sfu_raddr=0x200100B0 rdata=0xD800CC40
  2432.50ns WARNING  cocotb_bridge                      [sfu_mon] op00_RMSNORM pre-attn sfu_raddr=0x200100B0 rdata=0xD800CC40
  2433.50ns WARNING  cocotb_bridge                      [sfu_mon] op00_RMSNORM pre-attn sfu_raddr=0x200100B4 rdata=0x53405060
  2434.50ns WARNING  cocotb_bridge                      [sfu_mon] op00_RMSNORM pre-attn sfu_raddr=0x200100B4 rdata=0x53405060
  2435.50ns WARNING  cocotb_bridge                      [sfu_mon] op00_RMSNORM pre-attn sfu_raddr=0x200100B8 rdata=0x4A804E40
  2436.50ns WARNING  cocotb_bridge                      [sfu_mon] op00_RMSNORM pre-attn sfu_raddr=0x200100B8 rdata=0x4A804E40
  2437.50ns WARNING  cocotb_bridge                      [sfu_mon] op00_RMSNORM pre-attn sfu_raddr=0x200100BC rdata=0xD1C057B0
  2438.50ns WARNING  cocotb_bridge                      [sfu_mon] op00_RMSNORM pre-attn sfu_raddr=0x200100BC rdata=0xD1C057B0
  2439.50ns WARNING  cocotb_bridge                      [sfu_mon] op00_RMSNORM pre-attn sfu_raddr=0x200100C0 rdata=0xD360D1A0
  2440.50ns WARNING  cocotb_bridge                      [sfu_mon] op00_RMSNORM pre-attn sfu_raddr=0x200100C0 rdata=0xD360D1A0
  2441.50ns WARNING  cocotb_bridge                      [sfu_mon] op00_RMSNORM pre-attn sfu_raddr=0x200100C4 rdata=0xCC00D340
  2442.50ns WARNING  cocotb_bridge                      [sfu_mon] op00_RMSNORM pre-attn sfu_raddr=0x200100C4 rdata=0xCC00D340
  2443.50ns WARNING  cocotb_bridge                      [sfu_mon] op00_RMSNORM pre-attn sfu_raddr=0x200100C8 rdata=0x4980D240
  2444.50ns WARNING  cocotb_bridge                      [sfu_mon] op00_RMSNORM pre-attn sfu_raddr=0x200100C8 rdata=0x4980D240
  2445.50ns WARNING  cocotb_bridge                      [sfu_mon] op00_RMSNORM pre-attn sfu_raddr=0x200100CC rdata=0xD4205100
  2446.50ns WARNING  cocotb_bridge                      [sfu_mon] op00_RMSNORM pre-attn sfu_raddr=0x200100CC rdata=0xD4205100
  2447.50ns WARNING  cocotb_bridge                      [sfu_mon] op00_RMSNORM pre-attn sfu_raddr=0x200100D0 rdata=0xD74057D0
  2448.50ns WARNING  cocotb_bridge                      [sfu_mon] op00_RMSNORM pre-attn sfu_raddr=0x200100D0 rdata=0xD74057D0
  2449.50ns WARNING  cocotb_bridge                      [sfu_mon] op00_RMSNORM pre-attn sfu_raddr=0x200100D4 rdata=0xD710D320
  2450.50ns WARNING  cocotb_bridge                      [sfu_mon] op00_RMSNORM pre-attn sfu_raddr=0x200100D4 rdata=0xD710D320
  2451.50ns WARNING  cocotb_bridge                      [sfu_mon] op00_RMSNORM pre-attn sfu_raddr=0x200100D8 rdata=0xC7005080
  2452.50ns WARNING  cocotb_bridge                      [sfu_mon] op00_RMSNORM pre-attn sfu_raddr=0x200100D8 rdata=0xC7005080
  2453.50ns WARNING  cocotb_bridge                      [sfu_mon] op00_RMSNORM pre-attn sfu_raddr=0x200100DC rdata=0x522055B0
  2454.50ns WARNING  cocotb_bridge                      [sfu_mon] op00_RMSNORM pre-attn sfu_raddr=0x200100DC rdata=0x522055B0
  2455.50ns WARNING  cocotb_bridge                      [sfu_mon] op00_RMSNORM pre-attn sfu_raddr=0x200100E0 rdata=0xD460D000
  2456.50ns WARNING  cocotb_bridge                      [sfu_mon] op00_RMSNORM pre-attn sfu_raddr=0x200100E0 rdata=0xD460D000
  2457.50ns WARNING  cocotb_bridge                      [sfu_mon] op00_RMSNORM pre-attn sfu_raddr=0x200100E4 rdata=0xCEC05660
  2458.50ns WARNING  cocotb_bridge                      [sfu_mon] op00_RMSNORM pre-attn sfu_raddr=0x200100E4 rdata=0xCEC05660
  2459.50ns WARNING  cocotb_bridge                      [sfu_mon] op00_RMSNORM pre-attn sfu_raddr=0x200100E8 rdata=0x57C05500
  2460.50ns WARNING  cocotb_bridge                      [sfu_mon] op00_RMSNORM pre-attn AR addr=0x20010100
  2460.50ns WARNING  cocotb_bridge                      [sfu_mon] op00_RMSNORM pre-attn sfu_raddr=0x200100E8 rdata=0x57C05500
  2461.50ns WARNING  cocotb_bridge                      [sfu_mon] op00_RMSNORM pre-attn sfu_raddr=0x200100EC rdata=0x4E00D770
  2462.50ns WARNING  cocotb_bridge                      [sfu_mon] op00_RMSNORM pre-attn R data=0xccc04800c900d5104800d5b055a0d18052c0d0a0d360d3c04800d6d05400d590d6b0cc40d670d180d54056a0ce00d7e0cc00528052205430d52052e05470d490
  2462.50ns WARNING  cocotb_bridge                      [sfu_mon] op00_RMSNORM pre-attn sfu_raddr=0x200100EC rdata=0x4E00D770
  2463.50ns WARNING  cocotb_bridge                      [sfu_mon] op00_RMSNORM pre-attn sfu_raddr=0x200100F0 rdata=0xD380D380
  2464.50ns WARNING  cocotb_bridge                      [sfu_mon] op00_RMSNORM pre-attn sfu_raddr=0x200100F0 rdata=0xD380D380
  2465.50ns WARNING  cocotb_bridge                      [sfu_mon] op00_RMSNORM pre-attn sfu_raddr=0x200100F4 rdata=0x538056D0
  2466.50ns WARNING  cocotb_bridge                      [sfu_mon] op00_RMSNORM pre-attn sfu_raddr=0x200100F4 rdata=0x538056D0
  2467.50ns WARNING  cocotb_bridge                      [sfu_mon] op00_RMSNORM pre-attn sfu_raddr=0x200100F8 rdata=0xD610D4F0
  2468.50ns WARNING  cocotb_bridge                      [sfu_mon] op00_RMSNORM pre-attn sfu_raddr=0x200100F8 rdata=0xD610D4F0
  2469.50ns WARNING  cocotb_bridge                      [sfu_mon] op00_RMSNORM pre-attn sfu_raddr=0x200100FC rdata=0x502053A0
  2470.50ns WARNING  cocotb_bridge                      [sfu_mon] op00_RMSNORM pre-attn sfu_raddr=0x200100FC rdata=0x502053A0
  2471.50ns WARNING  cocotb_bridge                      [sfu_mon] op00_RMSNORM pre-attn sfu_raddr=0x20010100 rdata=0x5470D490
  2472.50ns WARNING  cocotb_bridge                      [sfu_mon] op00_RMSNORM pre-attn sfu_raddr=0x20010100 rdata=0x5470D490
  2473.50ns WARNING  cocotb_bridge                      [sfu_mon] op00_RMSNORM pre-attn sfu_raddr=0x20010104 rdata=0xD52052E0
  2474.50ns WARNING  cocotb_bridge                      [sfu_mon] op00_RMSNORM pre-attn sfu_raddr=0x20010104 rdata=0xD52052E0
  2475.50ns WARNING  cocotb_bridge                      [sfu_mon] op00_RMSNORM pre-attn sfu_raddr=0x20010108 rdata=0x52205430
  2476.50ns WARNING  cocotb_bridge                      [sfu_mon] op00_RMSNORM pre-attn sfu_raddr=0x20010108 rdata=0x52205430
  2477.50ns WARNING  cocotb_bridge                      [sfu_mon] op00_RMSNORM pre-attn sfu_raddr=0x2001010C rdata=0xCC005280
  2478.50ns WARNING  cocotb_bridge                      [sfu_mon] op00_RMSNORM pre-attn sfu_raddr=0x2001010C rdata=0xCC005280
  2479.50ns WARNING  cocotb_bridge                      [sfu_mon] op00_RMSNORM pre-attn sfu_raddr=0x20010110 rdata=0xCE00D7E0
  2480.50ns WARNING  cocotb_bridge                      [sfu_mon] op00_RMSNORM pre-attn sfu_raddr=0x20010110 rdata=0xCE00D7E0
  2481.50ns WARNING  cocotb_bridge                      [sfu_mon] op00_RMSNORM pre-attn sfu_raddr=0x20010114 rdata=0xD54056A0
  2482.50ns WARNING  cocotb_bridge                      [sfu_mon] op00_RMSNORM pre-attn sfu_raddr=0x20010114 rdata=0xD54056A0
  2483.50ns WARNING  cocotb_bridge                      [sfu_mon] op00_RMSNORM pre-attn sfu_raddr=0x20010118 rdata=0xD670D180
  2484.50ns WARNING  cocotb_bridge                      [sfu_mon] op00_RMSNORM pre-attn sfu_raddr=0x20010118 rdata=0xD670D180
  2485.50ns WARNING  cocotb_bridge                      [sfu_mon] op00_RMSNORM pre-attn sfu_raddr=0x2001011C rdata=0xD6B0CC40
  2486.50ns WARNING  cocotb_bridge                      [sfu_mon] op00_RMSNORM pre-attn sfu_raddr=0x2001011C rdata=0xD6B0CC40
  2487.50ns WARNING  cocotb_bridge                      [sfu_mon] op00_RMSNORM pre-attn sfu_raddr=0x20010120 rdata=0x5400D590
  2488.50ns WARNING  cocotb_bridge                      [sfu_mon] op00_RMSNORM pre-attn sfu_raddr=0x20010120 rdata=0x5400D590
  2489.50ns WARNING  cocotb_bridge                      [sfu_mon] op00_RMSNORM pre-attn sfu_raddr=0x20010124 rdata=0x4800D6D0
  2490.50ns WARNING  cocotb_bridge                      [sfu_mon] op00_RMSNORM pre-attn sfu_raddr=0x20010124 rdata=0x4800D6D0
  2491.50ns WARNING  cocotb_bridge                      [sfu_mon] op00_RMSNORM pre-attn sfu_raddr=0x20010128 rdata=0xD360D3C0
  2492.50ns WARNING  cocotb_bridge                      [sfu_mon] op00_RMSNORM pre-attn AR addr=0x20010140
  2492.50ns WARNING  cocotb_bridge                      [sfu_mon] op00_RMSNORM pre-attn sfu_raddr=0x20010128 rdata=0xD360D3C0
  2493.50ns WARNING  cocotb_bridge                      [sfu_mon] op00_RMSNORM pre-attn sfu_raddr=0x2001012C rdata=0x52C0D0A0
  2494.50ns WARNING  cocotb_bridge                      [sfu_mon] op00_RMSNORM pre-attn R data=0xd0a04d00d610d0804f00cd00d770c40053a04400d700cf405320c9805670cdc0c2005790d38047005590ca00d0805200d280d450d12053a05040ce00d6705780
  2494.50ns WARNING  cocotb_bridge                      [sfu_mon] op00_RMSNORM pre-attn sfu_raddr=0x2001012C rdata=0x52C0D0A0
  2495.50ns WARNING  cocotb_bridge                      [sfu_mon] op00_RMSNORM pre-attn sfu_raddr=0x20010130 rdata=0x55A0D180
  2496.50ns WARNING  cocotb_bridge                      [sfu_mon] op00_RMSNORM pre-attn sfu_raddr=0x20010130 rdata=0x55A0D180
  2497.50ns WARNING  cocotb_bridge                      [sfu_mon] op00_RMSNORM pre-attn sfu_raddr=0x20010134 rdata=0x4800D5B0
  2498.50ns WARNING  cocotb_bridge                      [sfu_mon] op00_RMSNORM pre-attn sfu_raddr=0x20010134 rdata=0x4800D5B0
  2499.50ns WARNING  cocotb_bridge                      [sfu_mon] op00_RMSNORM pre-attn sfu_raddr=0x20010138 rdata=0xC900D510
  2500.50ns WARNING  cocotb_bridge                      [sfu_mon] op00_RMSNORM pre-attn sfu_raddr=0x20010138 rdata=0xC900D510
  2501.50ns WARNING  cocotb_bridge                      [sfu_mon] op00_RMSNORM pre-attn sfu_raddr=0x2001013C rdata=0xCCC04800
  2502.50ns WARNING  cocotb_bridge                      [sfu_mon] op00_RMSNORM pre-attn sfu_raddr=0x2001013C rdata=0xCCC04800
  2503.50ns WARNING  cocotb_bridge                      [sfu_mon] op00_RMSNORM pre-attn sfu_raddr=0x20010140 rdata=0xD6705780
  2504.50ns WARNING  cocotb_bridge                      [sfu_mon] op00_RMSNORM pre-attn sfu_raddr=0x20010140 rdata=0xD6705780
  2505.50ns WARNING  cocotb_bridge                      [sfu_mon] op00_RMSNORM pre-attn sfu_raddr=0x20010144 rdata=0x5040CE00
  2506.50ns WARNING  cocotb_bridge                      [sfu_mon] op00_RMSNORM pre-attn sfu_raddr=0x20010144 rdata=0x5040CE00
  2507.50ns WARNING  cocotb_bridge                      [sfu_mon] op00_RMSNORM pre-attn sfu_raddr=0x20010148 rdata=0xD12053A0
  2508.50ns WARNING  cocotb_bridge                      [sfu_mon] op00_RMSNORM pre-attn sfu_raddr=0x20010148 rdata=0xD12053A0
  2509.50ns WARNING  cocotb_bridge                      [sfu_mon] op00_RMSNORM pre-attn sfu_raddr=0x2001014C rdata=0xD280D450
  2510.50ns WARNING  cocotb_bridge                      [sfu_mon] op00_RMSNORM pre-attn sfu_raddr=0x2001014C rdata=0xD280D450
  2511.50ns WARNING  cocotb_bridge                      [sfu_mon] op00_RMSNORM pre-attn sfu_raddr=0x20010150 rdata=0xD0805200
  2512.50ns WARNING  cocotb_bridge                      [sfu_mon] op00_RMSNORM pre-attn sfu_raddr=0x20010150 rdata=0xD0805200
  2513.50ns WARNING  cocotb_bridge                      [sfu_mon] op00_RMSNORM pre-attn sfu_raddr=0x20010154 rdata=0x5590CA00
  2514.50ns WARNING  cocotb_bridge                      [sfu_mon] op00_RMSNORM pre-attn sfu_raddr=0x20010154 rdata=0x5590CA00
  2515.50ns WARNING  cocotb_bridge                      [sfu_mon] op00_RMSNORM pre-attn sfu_raddr=0x20010158 rdata=0xD3804700
  2516.50ns WARNING  cocotb_bridge                      [sfu_mon] op00_RMSNORM pre-attn sfu_raddr=0x20010158 rdata=0xD3804700
  2517.50ns WARNING  cocotb_bridge                      [sfu_mon] op00_RMSNORM pre-attn sfu_raddr=0x2001015C rdata=0xC2005790
  2518.50ns WARNING  cocotb_bridge                      [sfu_mon] op00_RMSNORM pre-attn sfu_raddr=0x2001015C rdata=0xC2005790
  2519.50ns WARNING  cocotb_bridge                      [sfu_mon] op00_RMSNORM pre-attn sfu_raddr=0x20010160 rdata=0x5670CDC0
  2520.50ns WARNING  cocotb_bridge                      [sfu_mon] op00_RMSNORM pre-attn sfu_raddr=0x20010160 rdata=0x5670CDC0
  2521.50ns WARNING  cocotb_bridge                      [sfu_mon] op00_RMSNORM pre-attn sfu_raddr=0x20010164 rdata=0x5320C980
  2522.50ns WARNING  cocotb_bridge                      [sfu_mon] op00_RMSNORM pre-attn sfu_raddr=0x20010164 rdata=0x5320C980
  2523.50ns WARNING  cocotb_bridge                      [sfu_mon] op00_RMSNORM pre-attn sfu_raddr=0x20010168 rdata=0xD700CF40
  2524.50ns WARNING  cocotb_bridge                      [sfu_mon] op00_RMSNORM pre-attn AR addr=0x20010180
  2524.50ns WARNING  cocotb_bridge                      [sfu_mon] op00_RMSNORM pre-attn sfu_raddr=0x20010168 rdata=0xD700CF40
  2525.50ns WARNING  cocotb_bridge                      [sfu_mon] op00_RMSNORM pre-attn sfu_raddr=0x2001016C rdata=0x53A04400
  2526.50ns WARNING  cocotb_bridge                      [sfu_mon] op00_RMSNORM pre-attn R data=0xd440d770d770d5e0d460cc40c9804ec0d0205220ca80d040d0804f80d520c90050e04ec055005550d1c051a0cc40cfc0cd8054e0d360ce8053005720d7405280
  2526.50ns WARNING  cocotb_bridge                      [sfu_mon] op00_RMSNORM pre-attn sfu_raddr=0x2001016C rdata=0x53A04400
  2527.50ns WARNING  cocotb_bridge                      [sfu_mon] op00_RMSNORM pre-attn sfu_raddr=0x20010170 rdata=0xD770C400
  2528.50ns WARNING  cocotb_bridge                      [sfu_mon] op00_RMSNORM pre-attn sfu_raddr=0x20010170 rdata=0xD770C400
  2529.50ns WARNING  cocotb_bridge                      [sfu_mon] op00_RMSNORM pre-attn sfu_raddr=0x20010174 rdata=0x4F00CD00
  2530.50ns WARNING  cocotb_bridge                      [sfu_mon] op00_RMSNORM pre-attn sfu_raddr=0x20010174 rdata=0x4F00CD00
  2531.50ns WARNING  cocotb_bridge                      [sfu_mon] op00_RMSNORM pre-attn sfu_raddr=0x20010178 rdata=0xD610D080
  2532.50ns WARNING  cocotb_bridge                      [sfu_mon] op00_RMSNORM pre-attn sfu_raddr=0x20010178 rdata=0xD610D080
  2533.50ns WARNING  cocotb_bridge                      [sfu_mon] op00_RMSNORM pre-attn sfu_raddr=0x2001017C rdata=0xD0A04D00
  2534.50ns WARNING  cocotb_bridge                      [sfu_mon] op00_RMSNORM pre-attn sfu_raddr=0x2001017C rdata=0xD0A04D00
  2535.50ns WARNING  cocotb_bridge                      [sfu_mon] op00_RMSNORM pre-attn sfu_raddr=0x20010180 rdata=0xD7405280
  2536.50ns WARNING  cocotb_bridge                      [sfu_mon] op00_RMSNORM pre-attn sfu_raddr=0x20010180 rdata=0xD7405280
  2537.50ns WARNING  cocotb_bridge                      [sfu_mon] op00_RMSNORM pre-attn sfu_raddr=0x20010184 rdata=0x53005720
  2538.50ns WARNING  cocotb_bridge                      [sfu_mon] op00_RMSNORM pre-attn sfu_raddr=0x20010184 rdata=0x53005720
  2539.50ns WARNING  cocotb_bridge                      [sfu_mon] op00_RMSNORM pre-attn sfu_raddr=0x20010188 rdata=0xD360CE80
  2540.50ns WARNING  cocotb_bridge                      [sfu_mon] op00_RMSNORM pre-attn sfu_raddr=0x20010188 rdata=0xD360CE80
  2541.50ns WARNING  cocotb_bridge                      [sfu_mon] op00_RMSNORM pre-attn sfu_raddr=0x2001018C rdata=0xCD8054E0
  2542.50ns WARNING  cocotb_bridge                      [sfu_mon] op00_RMSNORM pre-attn sfu_raddr=0x2001018C rdata=0xCD8054E0
  2543.50ns WARNING  cocotb_bridge                      [sfu_mon] op00_RMSNORM pre-attn sfu_raddr=0x20010190 rdata=0xCC40CFC0
  2544.50ns WARNING  cocotb_bridge                      [sfu_mon] op00_RMSNORM pre-attn sfu_raddr=0x20010190 rdata=0xCC40CFC0
  2545.50ns WARNING  cocotb_bridge                      [sfu_mon] op00_RMSNORM pre-attn sfu_raddr=0x20010194 rdata=0xD1C051A0
  2546.50ns WARNING  cocotb_bridge                      [sfu_mon] op00_RMSNORM pre-attn sfu_raddr=0x20010194 rdata=0xD1C051A0
  2547.50ns WARNING  cocotb_bridge                      [sfu_mon] op00_RMSNORM pre-attn sfu_raddr=0x20010198 rdata=0x55005550
  2548.50ns WARNING  cocotb_bridge                      [sfu_mon] op00_RMSNORM pre-attn sfu_raddr=0x20010198 rdata=0x55005550
  2549.50ns WARNING  cocotb_bridge                      [sfu_mon] op00_RMSNORM pre-attn sfu_raddr=0x2001019C rdata=0x50E04EC0
  2550.50ns WARNING  cocotb_bridge                      [sfu_mon] op00_RMSNORM pre-attn sfu_raddr=0x2001019C rdata=0x50E04EC0
  2551.50ns WARNING  cocotb_bridge                      [sfu_mon] op00_RMSNORM pre-attn sfu_raddr=0x200101A0 rdata=0xD520C900
  2552.50ns WARNING  cocotb_bridge                      [sfu_mon] op00_RMSNORM pre-attn sfu_raddr=0x200101A0 rdata=0xD520C900
  2553.50ns WARNING  cocotb_bridge                      [sfu_mon] op00_RMSNORM pre-attn sfu_raddr=0x200101A4 rdata=0xD0804F80
  2554.50ns WARNING  cocotb_bridge                      [sfu_mon] op00_RMSNORM pre-attn sfu_raddr=0x200101A4 rdata=0xD0804F80
  2555.50ns WARNING  cocotb_bridge                      [sfu_mon] op00_RMSNORM pre-attn sfu_raddr=0x200101A8 rdata=0xCA80D040
  2556.50ns WARNING  cocotb_bridge                      [sfu_mon] op00_RMSNORM pre-attn AR addr=0x200101C0
  2556.50ns WARNING  cocotb_bridge                      [sfu_mon] op00_RMSNORM pre-attn sfu_raddr=0x200101A8 rdata=0xCA80D040
  2557.50ns WARNING  cocotb_bridge                      [sfu_mon] op00_RMSNORM pre-attn sfu_raddr=0x200101AC rdata=0xD0205220
  2558.50ns WARNING  cocotb_bridge                      [sfu_mon] op00_RMSNORM pre-attn R data=0xd790d5705530d2a0cc40d790d760d400546056905430d360d6904d00d500cd805440d680d22042005020470050c0510057c056d0d3c0d280d2a0d50055705610
  2558.50ns WARNING  cocotb_bridge                      [sfu_mon] op00_RMSNORM pre-attn sfu_raddr=0x200101AC rdata=0xD0205220
  2559.50ns WARNING  cocotb_bridge                      [sfu_mon] op00_RMSNORM pre-attn sfu_raddr=0x200101B0 rdata=0xC9804EC0
  2560.50ns WARNING  cocotb_bridge                      [sfu_mon] op00_RMSNORM pre-attn sfu_raddr=0x200101B0 rdata=0xC9804EC0
  2561.50ns WARNING  cocotb_bridge                      [sfu_mon] op00_RMSNORM pre-attn sfu_raddr=0x200101B4 rdata=0xD460CC40
  2562.50ns WARNING  cocotb_bridge                      [sfu_mon] op00_RMSNORM pre-attn sfu_raddr=0x200101B4 rdata=0xD460CC40
  2563.50ns WARNING  cocotb_bridge                      [sfu_mon] op00_RMSNORM pre-attn sfu_raddr=0x200101B8 rdata=0xD770D5E0
  2564.50ns WARNING  cocotb_bridge                      [sfu_mon] op00_RMSNORM pre-attn sfu_raddr=0x200101B8 rdata=0xD770D5E0
  2565.50ns WARNING  cocotb_bridge                      [sfu_mon] op00_RMSNORM pre-attn sfu_raddr=0x200101BC rdata=0xD440D770
  2566.50ns WARNING  cocotb_bridge                      [sfu_mon] op00_RMSNORM pre-attn sfu_raddr=0x200101BC rdata=0xD440D770
  2567.50ns WARNING  cocotb_bridge                      [sfu_mon] op00_RMSNORM pre-attn sfu_raddr=0x200101C0 rdata=0x55705610
  2568.50ns WARNING  cocotb_bridge                      [sfu_mon] op00_RMSNORM pre-attn sfu_raddr=0x200101C0 rdata=0x55705610
  2569.50ns WARNING  cocotb_bridge                      [sfu_mon] op00_RMSNORM pre-attn sfu_raddr=0x200101C4 rdata=0xD2A0D500
  2570.50ns WARNING  cocotb_bridge                      [sfu_mon] op00_RMSNORM pre-attn sfu_raddr=0x200101C4 rdata=0xD2A0D500
  2571.50ns WARNING  cocotb_bridge                      [sfu_mon] op00_RMSNORM pre-attn sfu_raddr=0x200101C8 rdata=0xD3C0D280
  2572.50ns WARNING  cocotb_bridge                      [sfu_mon] op00_RMSNORM pre-attn sfu_raddr=0x200101C8 rdata=0xD3C0D280
  2573.50ns WARNING  cocotb_bridge                      [sfu_mon] op00_RMSNORM pre-attn sfu_raddr=0x200101CC rdata=0x57C056D0
  2574.50ns WARNING  cocotb_bridge                      [sfu_mon] op00_RMSNORM pre-attn sfu_raddr=0x200101CC rdata=0x57C056D0
  2575.50ns WARNING  cocotb_bridge                      [sfu_mon] op00_RMSNORM pre-attn sfu_raddr=0x200101D0 rdata=0x50C05100
  2576.50ns WARNING  cocotb_bridge                      [sfu_mon] op00_RMSNORM pre-attn sfu_raddr=0x200101D0 rdata=0x50C05100
  2577.50ns WARNING  cocotb_bridge                      [sfu_mon] op00_RMSNORM pre-attn sfu_raddr=0x200101D4 rdata=0x50204700
  2578.50ns WARNING  cocotb_bridge                      [sfu_mon] op00_RMSNORM pre-attn sfu_raddr=0x200101D4 rdata=0x50204700
  2579.50ns WARNING  cocotb_bridge                      [sfu_mon] op00_RMSNORM pre-attn sfu_raddr=0x200101D8 rdata=0xD2204200
  2580.50ns WARNING  cocotb_bridge                      [sfu_mon] op00_RMSNORM pre-attn sfu_raddr=0x200101D8 rdata=0xD2204200
  2581.50ns WARNING  cocotb_bridge                      [sfu_mon] op00_RMSNORM pre-attn sfu_raddr=0x200101DC rdata=0x5440D680
  2582.50ns WARNING  cocotb_bridge                      [sfu_mon] op00_RMSNORM pre-attn sfu_raddr=0x200101DC rdata=0x5440D680
  2583.50ns WARNING  cocotb_bridge                      [sfu_mon] op00_RMSNORM pre-attn sfu_raddr=0x200101E0 rdata=0xD500CD80
  2584.50ns WARNING  cocotb_bridge                      [sfu_mon] op00_RMSNORM pre-attn sfu_raddr=0x200101E0 rdata=0xD500CD80
  2585.50ns WARNING  cocotb_bridge                      [sfu_mon] op00_RMSNORM pre-attn sfu_raddr=0x200101E4 rdata=0xD6904D00
  2586.50ns WARNING  cocotb_bridge                      [sfu_mon] op00_RMSNORM pre-attn sfu_raddr=0x200101E4 rdata=0xD6904D00
  2587.50ns WARNING  cocotb_bridge                      [sfu_mon] op00_RMSNORM pre-attn sfu_raddr=0x200101E8 rdata=0x5430D360
  2588.50ns WARNING  cocotb_bridge                      [sfu_mon] op00_RMSNORM pre-attn AR addr=0x20010200
  2588.50ns WARNING  cocotb_bridge                      [sfu_mon] op00_RMSNORM pre-attn sfu_raddr=0x200101E8 rdata=0x5430D360
  2589.50ns WARNING  cocotb_bridge                      [sfu_mon] op00_RMSNORM pre-attn sfu_raddr=0x200101EC rdata=0x54605690
  2590.50ns WARNING  cocotb_bridge                      [sfu_mon] op00_RMSNORM pre-attn R data=0x563054e0d430d710d2205700d0e05640d6d0536057004c80ccc0d7d0d4a054d0d590cb8056f0d6a0c000cf80d5b04900d5404500d5d0d460cc80d260d7b05040
  2590.50ns WARNING  cocotb_bridge                      [sfu_mon] op00_RMSNORM pre-attn sfu_raddr=0x200101EC rdata=0x54605690
  2591.50ns WARNING  cocotb_bridge                      [sfu_mon] op00_RMSNORM pre-attn sfu_raddr=0x200101F0 rdata=0xD760D400
  2592.50ns WARNING  cocotb_bridge                      [sfu_mon] op00_RMSNORM pre-attn sfu_raddr=0x200101F0 rdata=0xD760D400
  2593.50ns WARNING  cocotb_bridge                      [sfu_mon] op00_RMSNORM pre-attn sfu_raddr=0x200101F4 rdata=0xCC40D790
  2594.50ns WARNING  cocotb_bridge                      [sfu_mon] op00_RMSNORM pre-attn sfu_raddr=0x200101F4 rdata=0xCC40D790
  2595.50ns WARNING  cocotb_bridge                      [sfu_mon] op00_RMSNORM pre-attn sfu_raddr=0x200101F8 rdata=0x5530D2A0
  2596.50ns WARNING  cocotb_bridge                      [sfu_mon] op00_RMSNORM pre-attn sfu_raddr=0x200101F8 rdata=0x5530D2A0
  2597.50ns WARNING  cocotb_bridge                      [sfu_mon] op00_RMSNORM pre-attn sfu_raddr=0x200101FC rdata=0xD790D570
  2598.50ns WARNING  cocotb_bridge                      [sfu_mon] op00_RMSNORM pre-attn sfu_raddr=0x200101FC rdata=0xD790D570
  2599.50ns WARNING  cocotb_bridge                      [sfu_mon] op00_RMSNORM pre-attn sfu_raddr=0x20010200 rdata=0xD7B05040
  2600.50ns WARNING  cocotb_bridge                      [sfu_mon] op00_RMSNORM pre-attn sfu_raddr=0x20010200 rdata=0xD7B05040
  2601.50ns WARNING  cocotb_bridge                      [sfu_mon] op00_RMSNORM pre-attn sfu_raddr=0x20010204 rdata=0xCC80D260
  2602.50ns WARNING  cocotb_bridge                      [sfu_mon] op00_RMSNORM pre-attn sfu_raddr=0x20010204 rdata=0xCC80D260
  2603.50ns WARNING  cocotb_bridge                      [sfu_mon] op00_RMSNORM pre-attn sfu_raddr=0x20010208 rdata=0xD5D0D460
  2604.50ns WARNING  cocotb_bridge                      [sfu_mon] op00_RMSNORM pre-attn sfu_raddr=0x20010208 rdata=0xD5D0D460
  2605.50ns WARNING  cocotb_bridge                      [sfu_mon] op00_RMSNORM pre-attn sfu_raddr=0x2001020C rdata=0xD5404500
  2606.50ns WARNING  cocotb_bridge                      [sfu_mon] op00_RMSNORM pre-attn sfu_raddr=0x2001020C rdata=0xD5404500
  2607.50ns WARNING  cocotb_bridge                      [sfu_mon] op00_RMSNORM pre-attn sfu_raddr=0x20010210 rdata=0xD5B04900
  2608.50ns WARNING  cocotb_bridge                      [sfu_mon] op00_RMSNORM pre-attn sfu_raddr=0x20010210 rdata=0xD5B04900
  2609.50ns WARNING  cocotb_bridge                      [sfu_mon] op00_RMSNORM pre-attn sfu_raddr=0x20010214 rdata=0xC000CF80
  2610.50ns WARNING  cocotb_bridge                      [sfu_mon] op00_RMSNORM pre-attn sfu_raddr=0x20010214 rdata=0xC000CF80
  2611.50ns WARNING  cocotb_bridge                      [sfu_mon] op00_RMSNORM pre-attn sfu_raddr=0x20010218 rdata=0x56F0D6A0
  2612.50ns WARNING  cocotb_bridge                      [sfu_mon] op00_RMSNORM pre-attn sfu_raddr=0x20010218 rdata=0x56F0D6A0
  2613.50ns WARNING  cocotb_bridge                      [sfu_mon] op00_RMSNORM pre-attn sfu_raddr=0x2001021C rdata=0xD590CB80
  2614.50ns WARNING  cocotb_bridge                      [sfu_mon] op00_RMSNORM pre-attn sfu_raddr=0x2001021C rdata=0xD590CB80
  2615.50ns WARNING  cocotb_bridge                      [sfu_mon] op00_RMSNORM pre-attn sfu_raddr=0x20010220 rdata=0xD4A054D0
  2616.50ns WARNING  cocotb_bridge                      [sfu_mon] op00_RMSNORM pre-attn sfu_raddr=0x20010220 rdata=0xD4A054D0
  2617.50ns WARNING  cocotb_bridge                      [sfu_mon] op00_RMSNORM pre-attn sfu_raddr=0x20010224 rdata=0xCCC0D7D0
  2618.50ns WARNING  cocotb_bridge                      [sfu_mon] op00_RMSNORM pre-attn sfu_raddr=0x20010224 rdata=0xCCC0D7D0
  2619.50ns WARNING  cocotb_bridge                      [sfu_mon] op00_RMSNORM pre-attn sfu_raddr=0x20010228 rdata=0x57004C80
  2620.50ns WARNING  cocotb_bridge                      [sfu_mon] op00_RMSNORM pre-attn AR addr=0x20010240
  2620.50ns WARNING  cocotb_bridge                      [sfu_mon] op00_RMSNORM pre-attn sfu_raddr=0x20010228 rdata=0x57004C80
  2621.50ns WARNING  cocotb_bridge                      [sfu_mon] op00_RMSNORM pre-attn sfu_raddr=0x2001022C rdata=0xD6D05360
  2622.50ns WARNING  cocotb_bridge                      [sfu_mon] op00_RMSNORM pre-attn R data=0xc90055a0d360ccc00000c800d040d3404200d7e056c0528057105280c8004f805220400055f056c0564052a0d5a057d05400d68055104ec0ccc0d5b0d0a056b0
  2622.50ns WARNING  cocotb_bridge                      [sfu_mon] op00_RMSNORM pre-attn sfu_raddr=0x2001022C rdata=0xD6D05360
  2623.50ns WARNING  cocotb_bridge                      [sfu_mon] op00_RMSNORM pre-attn sfu_raddr=0x20010230 rdata=0xD0E05640
  2624.50ns WARNING  cocotb_bridge                      [sfu_mon] op00_RMSNORM pre-attn sfu_raddr=0x20010230 rdata=0xD0E05640
  2625.50ns WARNING  cocotb_bridge                      [sfu_mon] op00_RMSNORM pre-attn sfu_raddr=0x20010234 rdata=0xD2205700
  2626.50ns WARNING  cocotb_bridge                      [sfu_mon] op00_RMSNORM pre-attn sfu_raddr=0x20010234 rdata=0xD2205700
  2627.50ns WARNING  cocotb_bridge                      [sfu_mon] op00_RMSNORM pre-attn sfu_raddr=0x20010238 rdata=0xD430D710
  2628.50ns WARNING  cocotb_bridge                      [sfu_mon] op00_RMSNORM pre-attn sfu_raddr=0x20010238 rdata=0xD430D710
  2629.50ns WARNING  cocotb_bridge                      [sfu_mon] op00_RMSNORM pre-attn sfu_raddr=0x2001023C rdata=0x563054E0
  2630.50ns WARNING  cocotb_bridge                      [sfu_mon] op00_RMSNORM pre-attn sfu_raddr=0x2001023C rdata=0x563054E0
  2631.50ns WARNING  cocotb_bridge                      [sfu_mon] op00_RMSNORM pre-attn sfu_raddr=0x20010240 rdata=0xD0A056B0
  2632.50ns WARNING  cocotb_bridge                      [sfu_mon] op00_RMSNORM pre-attn sfu_raddr=0x20010240 rdata=0xD0A056B0
  2633.50ns WARNING  cocotb_bridge                      [sfu_mon] op00_RMSNORM pre-attn sfu_raddr=0x20010244 rdata=0xCCC0D5B0
  2634.50ns WARNING  cocotb_bridge                      [sfu_mon] op00_RMSNORM pre-attn sfu_raddr=0x20010244 rdata=0xCCC0D5B0
  2635.50ns WARNING  cocotb_bridge                      [sfu_mon] op00_RMSNORM pre-attn sfu_raddr=0x20010248 rdata=0x55104EC0
  2636.50ns WARNING  cocotb_bridge                      [sfu_mon] op00_RMSNORM pre-attn sfu_raddr=0x20010248 rdata=0x55104EC0
  2637.50ns WARNING  cocotb_bridge                      [sfu_mon] op00_RMSNORM pre-attn sfu_raddr=0x2001024C rdata=0x5400D680
  2638.50ns WARNING  cocotb_bridge                      [sfu_mon] op00_RMSNORM pre-attn sfu_raddr=0x2001024C rdata=0x5400D680
  2639.50ns WARNING  cocotb_bridge                      [sfu_mon] op00_RMSNORM pre-attn sfu_raddr=0x20010250 rdata=0xD5A057D0
  2640.50ns WARNING  cocotb_bridge                      [sfu_mon] op00_RMSNORM pre-attn sfu_raddr=0x20010250 rdata=0xD5A057D0
  2641.50ns WARNING  cocotb_bridge                      [sfu_mon] op00_RMSNORM pre-attn sfu_raddr=0x20010254 rdata=0x564052A0
  2642.50ns WARNING  cocotb_bridge                      [sfu_mon] op00_RMSNORM pre-attn sfu_raddr=0x20010254 rdata=0x564052A0
  2643.50ns WARNING  cocotb_bridge                      [sfu_mon] op00_RMSNORM pre-attn sfu_raddr=0x20010258 rdata=0x55F056C0
  2644.50ns WARNING  cocotb_bridge                      [sfu_mon] op00_RMSNORM pre-attn sfu_raddr=0x20010258 rdata=0x55F056C0
  2645.50ns WARNING  cocotb_bridge                      [sfu_mon] op00_RMSNORM pre-attn sfu_raddr=0x2001025C rdata=0x52204000
  2646.50ns WARNING  cocotb_bridge                      [sfu_mon] op00_RMSNORM pre-attn sfu_raddr=0x2001025C rdata=0x52204000
  2647.50ns WARNING  cocotb_bridge                      [sfu_mon] op00_RMSNORM pre-attn sfu_raddr=0x20010260 rdata=0xC8004F80
  2648.50ns WARNING  cocotb_bridge                      [sfu_mon] op00_RMSNORM pre-attn sfu_raddr=0x20010260 rdata=0xC8004F80
  2649.50ns WARNING  cocotb_bridge                      [sfu_mon] op00_RMSNORM pre-attn sfu_raddr=0x20010264 rdata=0x57105280
  2650.50ns WARNING  cocotb_bridge                      [sfu_mon] op00_RMSNORM pre-attn sfu_raddr=0x20010264 rdata=0x57105280
  2651.50ns WARNING  cocotb_bridge                      [sfu_mon] op00_RMSNORM pre-attn sfu_raddr=0x20010268 rdata=0x56C05280
  2652.50ns WARNING  cocotb_bridge                      [sfu_mon] op00_RMSNORM pre-attn AR addr=0x20010280
  2652.50ns WARNING  cocotb_bridge                      [sfu_mon] op00_RMSNORM pre-attn sfu_raddr=0x20010268 rdata=0x56C05280
  2653.50ns WARNING  cocotb_bridge                      [sfu_mon] op00_RMSNORM pre-attn sfu_raddr=0x2001026C rdata=0x4200D7E0
  2654.50ns WARNING  cocotb_bridge                      [sfu_mon] op00_RMSNORM pre-attn R data=0x51c056a0d1e0ce40cd80d4e0d7405740bc00d220500057f0d1e0d4704fc0d720d260ca8056104600d6304e40d56055004c40440051804e804fc05360cfc0ca80
  2654.50ns WARNING  cocotb_bridge                      [sfu_mon] op00_RMSNORM pre-attn sfu_raddr=0x2001026C rdata=0x4200D7E0
 23347.50ns WARNING  cocotb_bridge                      [BLK0] op 1: weight 5242880 B exceeds 64 KB weight buffer; applying single-tile workaround
 23475.50ns WARNING  cocotb_bridge                      [diag] op01_Q_proj MMUL: input SRAM at 0x20010000 = 02000000000000000000000000000000
[MXU_FSM] state=1 busy=0 done=0 error=0 t=23617000
[MXU_FSM] state=2 busy=0 done=0 error=0 t=23618000
[MXU_FSM] state=3 busy=0 done=0 error=1 t=23619000
[MXU_FSM] state=4 busy=0 done=0 error=0 t=23620000
[MXU_FSM] state=5 busy=1 done=0 error=0 t=23687000
[MXU_FSM] state=6 busy=0 done=1 error=0 t=23689000
[MXU_FSM] state=0 busy=0 done=0 error=0 t=23690000
 24155.50ns WARNING  cocotb_bridge                      [BLK0] op 2: weight 327680 B exceeds 64 KB weight buffer; applying single-tile workaround
 24283.50ns WARNING  cocotb_bridge                      [diag] op02_K_proj MMUL: input SRAM at 0x20010000 = 02000000000000000000000000000000
[MXU_FSM] state=1 busy=0 done=0 error=0 t=24425000
[MXU_FSM] state=2 busy=0 done=0 error=0 t=24426000
[MXU_FSM] state=3 busy=0 done=0 error=1 t=24427000
[MXU_FSM] state=4 busy=0 done=0 error=0 t=24428000
[MXU_FSM] state=5 busy=1 done=0 error=0 t=24495000
[MXU_FSM] state=6 busy=0 done=1 error=0 t=24497000
[MXU_FSM] state=0 busy=0 done=0 error=0 t=24498000
 24963.50ns WARNING  cocotb_bridge                      [BLK0] op 3: weight 327680 B exceeds 64 KB weight buffer; applying single-tile workaround
 25091.50ns WARNING  cocotb_bridge                      [diag] op03_V_proj MMUL: input SRAM at 0x20010000 = 02000000000000000000000000000000
[MXU_FSM] state=1 busy=0 done=0 error=0 t=25233000
[MXU_FSM] state=2 busy=0 done=0 error=0 t=25234000
[MXU_FSM] state=3 busy=0 done=0 error=1 t=25235000
[MXU_FSM] state=4 busy=0 done=0 error=0 t=25236000
[MXU_FSM] state=5 busy=1 done=0 error=0 t=25303000
[MXU_FSM] state=6 busy=0 done=1 error=0 t=25305000
[MXU_FSM] state=0 busy=0 done=0 error=0 t=25306000
 26059.50ns WARNING  cocotb_bridge                      [diag] op04_ROPE: input/output overlap detected (0x20030000-0x20032200 vs 0x20031000-0x20033200); copying input to 0x20040000
 26603.50ns WARNING  cocotb_bridge                      [diag] op04_ROPE: input SRAM at 0x20040000 = a8d948dce8d9d05400d600c7404ce0d2
 26627.50ns WARNING  cocotb_bridge                      [sfu_mon] op04_ROPE sfu_raddr=0x20040000 rdata=0xDC48D9A8
 26628.50ns WARNING  cocotb_bridge                      [sfu_mon] op04_ROPE sfu_raddr=0x20040004 rdata=0x54D0D9E8
 26629.50ns WARNING  cocotb_bridge                      [sfu_mon] op04_ROPE sfu_raddr=0x20040008 rdata=0xC700D600
 26630.50ns WARNING  cocotb_bridge                      [sfu_mon] op04_ROPE sfu_raddr=0x2004000C rdata=0xD2E04C40
 26631.50ns WARNING  cocotb_bridge                      [sfu_mon] op04_ROPE sfu_raddr=0x20040010 rdata=0x581859E8
 26632.50ns WARNING  cocotb_bridge                      [sfu_mon] op04_ROPE sfu_raddr=0x20040014 rdata=0xD420DC38
 26633.50ns WARNING  cocotb_bridge                      [sfu_mon] op04_ROPE sfu_raddr=0x20040018 rdata=0x5B805C8C
 26634.50ns WARNING  cocotb_bridge                      [sfu_mon] op04_ROPE sfu_raddr=0x2004001C rdata=0xD7F0DAB0
 26635.50ns WARNING  cocotb_bridge                      [sfu_mon] op04_ROPE sfu_raddr=0x20040020 rdata=0xDAA0E076
 26636.50ns WARNING  cocotb_bridge                      [sfu_mon] op04_ROPE sfu_raddr=0x20040024 rdata=0xD550622E
 26637.50ns WARNING  cocotb_bridge                      [sfu_mon] op04_ROPE sfu_raddr=0x20040028 rdata=0x59A05F40
 26638.50ns WARNING  cocotb_bridge                      [sfu_mon] op04_ROPE AR addr=0x20040040
 26638.50ns WARNING  cocotb_bridge                      [sfu_mon] op04_ROPE sfu_raddr=0x2004002C rdata=0x52005838
 26639.50ns WARNING  cocotb_bridge                      [sfu_mon] op04_ROPE sfu_raddr=0x20040030 rdata=0xDA8054C0
 26640.50ns WARNING  cocotb_bridge                      [sfu_mon] op04_ROPE R data=0xdc94d480d3405040d8b04f805540cc40cf804400d360d9d0da7058a0dc585470e002d850d6405cc85790df145460dd70d8f8d878d2a0d3a0d100dde850e055f0
 26640.50ns WARNING  cocotb_bridge                      [sfu_mon] op04_ROPE sfu_raddr=0x20040034 rdata=0xDDE4D220
 26641.50ns WARNING  cocotb_bridge                      [sfu_mon] op04_ROPE sfu_raddr=0x20040038 rdata=0xD7B05660
 26642.50ns WARNING  cocotb_bridge                      [sfu_mon] op04_ROPE sfu_raddr=0x2004003C rdata=0x5E00CE80
 26643.50ns WARNING  cocotb_bridge                      [sfu_mon] op04_ROPE sfu_raddr=0x20040040 rdata=0x50E055F0
 26644.50ns WARNING  cocotb_bridge                      [sfu_mon] op04_ROPE sfu_raddr=0x20040044 rdata=0xD100DDE8
 26645.50ns WARNING  cocotb_bridge                      [sfu_mon] op04_ROPE sfu_raddr=0x20040048 rdata=0xD2A0D3A0
 26645.50ns WARNING  cocotb_bridge                      [sfu_mon] op04_ROPE sfu_waddr=0x20031000 wdata=0xDC48D9A8
 26646.50ns WARNING  cocotb_bridge                      [sfu_mon] op04_ROPE sfu_raddr=0x2004004C rdata=0xD8F8D878
 26646.50ns WARNING  cocotb_bridge                      [sfu_mon] op04_ROPE sfu_waddr=0x20031004 wdata=0x54D0D9E8
 26647.50ns WARNING  cocotb_bridge                      [sfu_mon] op04_ROPE sfu_raddr=0x20040050 rdata=0x5460DD70
 26647.50ns WARNING  cocotb_bridge                      [sfu_mon] op04_ROPE sfu_waddr=0x20031008 wdata=0xC6FFD600
 26648.50ns WARNING  cocotb_bridge                      [sfu_mon] op04_ROPE sfu_raddr=0x20040054 rdata=0x5790DF14
 26648.50ns WARNING  cocotb_bridge                      [sfu_mon] op04_ROPE sfu_waddr=0x2003100C wdata=0xD2E04C40
 26649.50ns WARNING  cocotb_bridge                      [sfu_mon] op04_ROPE sfu_raddr=0x20040058 rdata=0xD6405CC8
 26649.50ns WARNING  cocotb_bridge                      [sfu_mon] op04_ROPE sfu_waddr=0x20031010 wdata=0x581859E8
 26650.50ns WARNING  cocotb_bridge                      [sfu_mon] op04_ROPE sfu_raddr=0x2004005C rdata=0xE002D850
 26650.50ns WARNING  cocotb_bridge                      [sfu_mon] op04_ROPE sfu_waddr=0x20031014 wdata=0xD420DC38
 26651.50ns WARNING  cocotb_bridge                      [sfu_mon] op04_ROPE sfu_raddr=0x20040060 rdata=0xDC585470
 26651.50ns WARNING  cocotb_bridge                      [sfu_mon] op04_ROPE sfu_waddr=0x20031018 wdata=0x5B805C8C
 26652.50ns WARNING  cocotb_bridge                      [sfu_mon] op04_ROPE sfu_raddr=0x20040064 rdata=0xDA7058A0
 26652.50ns WARNING  cocotb_bridge                      [sfu_mon] op04_ROPE sfu_waddr=0x2003101C wdata=0xD7F0DAB0
 26653.50ns WARNING  cocotb_bridge                      [sfu_mon] op04_ROPE sfu_raddr=0x20040068 rdata=0xD360D9D0
 26653.50ns WARNING  cocotb_bridge                      [sfu_mon] op04_ROPE sfu_waddr=0x20031020 wdata=0xDAA0E076
 26654.50ns WARNING  cocotb_bridge                      [sfu_mon] op04_ROPE AR addr=0x20040080
 26654.50ns WARNING  cocotb_bridge                      [sfu_mon] op04_ROPE sfu_raddr=0x2004006C rdata=0xCF804400
 26654.50ns WARNING  cocotb_bridge                      [sfu_mon] op04_ROPE sfu_waddr=0x20031024 wdata=0xD550622E
 26655.50ns WARNING  cocotb_bridge                      [sfu_mon] op04_ROPE sfu_raddr=0x20040070 rdata=0x5540CC40
 26655.50ns WARNING  cocotb_bridge                      [sfu_mon] op04_ROPE sfu_waddr=0x20031028 wdata=0x59A05F40
 26656.50ns WARNING  cocotb_bridge                      [sfu_mon] op04_ROPE R data=0x5d585af85770dc5cdb00ddac54305d805000d6b05cbcd5505d845a88daf8d1005910db48ddb448805e28ddc85d3458e05c10dc845b105c28d8185a80d570d430
 26656.50ns WARNING  cocotb_bridge                      [sfu_mon] op04_ROPE sfu_raddr=0x20040074 rdata=0xD8B04F80
 26656.50ns WARNING  cocotb_bridge                      [sfu_mon] op04_ROPE sfu_waddr=0x2003102C wdata=0x52005838
 26657.50ns WARNING  cocotb_bridge                      [sfu_mon] op04_ROPE sfu_raddr=0x20040078 rdata=0xD3405040
 26657.50ns WARNING  cocotb_bridge                      [sfu_mon] op04_ROPE sfu_waddr=0x20031030 wdata=0xDA8054C0
 26658.50ns WARNING  cocotb_bridge                      [sfu_mon] op04_ROPE sfu_raddr=0x2004007C rdata=0xDC94D480
 26658.50ns WARNING  cocotb_bridge                      [sfu_mon] op04_ROPE sfu_waddr=0x20031034 wdata=0xDDE4D220
 26659.50ns WARNING  cocotb_bridge                      [sfu_mon] op04_ROPE sfu_raddr=0x20040080 rdata=0xD570D430
 26659.50ns WARNING  cocotb_bridge                      [sfu_mon] op04_ROPE sfu_waddr=0x20031038 wdata=0xD7B05660
 26660.50ns WARNING  cocotb_bridge                      [sfu_mon] op04_ROPE sfu_raddr=0x20040084 rdata=0xD8185A80
 26660.50ns WARNING  cocotb_bridge                      [sfu_mon] op04_ROPE sfu_waddr=0x2003103C wdata=0x5E00CE80
 26661.50ns WARNING  cocotb_bridge                      [sfu_mon] op04_ROPE sfu_raddr=0x20040088 rdata=0x5B105C28
 26661.50ns WARNING  cocotb_bridge                      [sfu_mon] op04_ROPE sfu_waddr=0x20031040 wdata=0x50E055F0
 26662.50ns WARNING  cocotb_bridge                      [sfu_mon] op04_ROPE sfu_raddr=0x2004008C rdata=0x5C10DC84
 26662.50ns WARNING  cocotb_bridge                      [sfu_mon] op04_ROPE sfu_waddr=0x20031044 wdata=0xD100DDE8
 26663.50ns WARNING  cocotb_bridge                      [sfu_mon] op04_ROPE sfu_raddr=0x20040090 rdata=0x5D3458E0
 26663.50ns WARNING  cocotb_bridge                      [sfu_mon] op04_ROPE sfu_waddr=0x20031048 wdata=0xD2A0D3A0
 26664.50ns WARNING  cocotb_bridge                      [sfu_mon] op04_ROPE sfu_raddr=0x20040094 rdata=0x5E28DDC8
 26664.50ns WARNING  cocotb_bridge                      [sfu_mon] op04_ROPE sfu_waddr=0x2003104C wdata=0xD8F8D878
 26665.50ns WARNING  cocotb_bridge                      [sfu_mon] op04_ROPE sfu_raddr=0x20040098 rdata=0xDDB44880
 26665.50ns WARNING  cocotb_bridge                      [sfu_mon] op04_ROPE sfu_waddr=0x20031050 wdata=0x5460DD70
 26666.50ns WARNING  cocotb_bridge                      [sfu_mon] op04_ROPE sfu_raddr=0x2004009C rdata=0x5910DB48
 26666.50ns WARNING  cocotb_bridge                      [sfu_mon] op04_ROPE sfu_waddr=0x20031054 wdata=0x5790DF14
 26667.50ns WARNING  cocotb_bridge                      [sfu_mon] op04_ROPE sfu_raddr=0x200400A0 rdata=0xDAF8D100
 26667.50ns WARNING  cocotb_bridge                      [sfu_mon] op04_ROPE sfu_waddr=0x20031058 wdata=0xD6405CC8
 26668.50ns WARNING  cocotb_bridge                      [sfu_mon] op04_ROPE sfu_raddr=0x200400A4 rdata=0x5D845A88
 26668.50ns WARNING  cocotb_bridge                      [sfu_mon] op04_ROPE sfu_waddr=0x2003105C wdata=0xE002D850
 26669.50ns WARNING  cocotb_bridge                      [sfu_mon] op04_ROPE sfu_raddr=0x200400A8 rdata=0x5CBCD550
 26669.50ns WARNING  cocotb_bridge                      [sfu_mon] op04_ROPE sfu_waddr=0x20031060 wdata=0xDC585470
 26670.50ns WARNING  cocotb_bridge                      [sfu_mon] op04_ROPE AR addr=0x200400C0
 26670.50ns WARNING  cocotb_bridge                      [sfu_mon] op04_ROPE sfu_raddr=0x200400AC rdata=0x5000D6B0
 26670.50ns WARNING  cocotb_bridge                      [sfu_mon] op04_ROPE sfu_waddr=0x20031064 wdata=0xDA7058A0
 26671.50ns WARNING  cocotb_bridge                      [sfu_mon] op04_ROPE sfu_raddr=0x200400B0 rdata=0x54305D80
 26671.50ns WARNING  cocotb_bridge                      [sfu_mon] op04_ROPE sfu_waddr=0x20031068 wdata=0xD360D9D0
 26672.50ns WARNING  cocotb_bridge                      [sfu_mon] op04_ROPE R data=0x61565d8cd9e057a05c385bf0dce0d938d9b05060dd18dce0d40050a0dd0c5c70d200cd40d040cc40dc78dcb8dd14c900d4405b70cdc058f84f8058b0dca0da60
 26672.50ns WARNING  cocotb_bridge                      [sfu_mon] op04_ROPE sfu_raddr=0x200400B4 rdata=0xDB00DDAC
 26672.50ns WARNING  cocotb_bridge                      [sfu_mon] op04_ROPE sfu_waddr=0x2003106C wdata=0xCF804400
 26673.50ns WARNING  cocotb_bridge                      [sfu_mon] op04_ROPE sfu_raddr=0x200400B8 rdata=0x5770DC5C
 26673.50ns WARNING  cocotb_bridge                      [sfu_mon] op04_ROPE sfu_waddr=0x20031070 wdata=0x5540CC40
 26674.50ns WARNING  cocotb_bridge                      [sfu_mon] op04_ROPE sfu_raddr=0x200400BC rdata=0x5D585AF8
 26674.50ns WARNING  cocotb_bridge                      [sfu_mon] op04_ROPE sfu_waddr=0x20031074 wdata=0xD8B04F80
 26675.50ns WARNING  cocotb_bridge                      [sfu_mon] op04_ROPE sfu_raddr=0x200400C0 rdata=0xDCA0DA60
 26675.50ns WARNING  cocotb_bridge                      [sfu_mon] op04_ROPE sfu_waddr=0x20031078 wdata=0xD3405040
 26676.50ns WARNING  cocotb_bridge                      [sfu_mon] op04_ROPE sfu_raddr=0x200400C4 rdata=0x4F8058B0
 26676.50ns WARNING  cocotb_bridge                      [sfu_mon] op04_ROPE sfu_waddr=0x2003107C wdata=0xDC94D480
 26677.50ns WARNING  cocotb_bridge                      [sfu_mon] op04_ROPE sfu_raddr=0x200400C8 rdata=0xCDC058F8
 26677.50ns WARNING  cocotb_bridge                      [sfu_mon] op04_ROPE sfu_waddr=0x20031080 wdata=0xD570D430
 26678.50ns WARNING  cocotb_bridge                      [sfu_mon] op04_ROPE sfu_raddr=0x200400CC rdata=0xD4405B70
 26678.50ns WARNING  cocotb_bridge                      [sfu_mon] op04_ROPE sfu_waddr=0x20031084 wdata=0xD8185A80
 26679.50ns WARNING  cocotb_bridge                      [sfu_mon] op04_ROPE sfu_raddr=0x200400D0 rdata=0xDD14C900
 26679.50ns WARNING  cocotb_bridge                      [sfu_mon] op04_ROPE sfu_waddr=0x20031088 wdata=0x5B105C28
 26680.50ns WARNING  cocotb_bridge                      [sfu_mon] op04_ROPE sfu_raddr=0x200400D4 rdata=0xDC78DCB8
 26680.50ns WARNING  cocotb_bridge                      [sfu_mon] op04_ROPE sfu_waddr=0x2003108C wdata=0x5C10DC84
 26681.50ns WARNING  cocotb_bridge                      [sfu_mon] op04_ROPE sfu_raddr=0x200400D8 rdata=0xD040CC40
 26681.50ns WARNING  cocotb_bridge                      [sfu_mon] op04_ROPE sfu_waddr=0x20031090 wdata=0x5D3458E0
 26682.50ns WARNING  cocotb_bridge                      [sfu_mon] op04_ROPE sfu_raddr=0x200400DC rdata=0xD200CD40
 26682.50ns WARNING  cocotb_bridge                      [sfu_mon] op04_ROPE sfu_waddr=0x20031094 wdata=0x5E28DDC8
 26683.50ns WARNING  cocotb_bridge                      [sfu_mon] op04_ROPE sfu_raddr=0x200400E0 rdata=0xDD0C5C70
 26683.50ns WARNING  cocotb_bridge                      [sfu_mon] op04_ROPE sfu_waddr=0x20031098 wdata=0xDDB4487F
 26684.50ns WARNING  cocotb_bridge                      [sfu_mon] op04_ROPE sfu_raddr=0x200400E4 rdata=0xD40050A0
 26684.50ns WARNING  cocotb_bridge                      [sfu_mon] op04_ROPE sfu_waddr=0x2003109C wdata=0x5910DB48
 26685.50ns WARNING  cocotb_bridge                      [sfu_mon] op04_ROPE sfu_raddr=0x200400E8 rdata=0xDD18DCE0
 26685.50ns WARNING  cocotb_bridge                      [sfu_mon] op04_ROPE sfu_waddr=0x200310A0 wdata=0xDAF8D100
 26686.50ns WARNING  cocotb_bridge                      [sfu_mon] op04_ROPE AR addr=0x20040100
 26686.50ns WARNING  cocotb_bridge                      [sfu_mon] op04_ROPE sfu_raddr=0x200400EC rdata=0xD9B05060
 26686.50ns WARNING  cocotb_bridge                      [sfu_mon] op04_ROPE sfu_waddr=0x200310A4 wdata=0x5D845A88
 26687.50ns WARNING  cocotb_bridge                      [sfu_mon] op04_ROPE sfu_raddr=0x200400F0 rdata=0xDCE0D938
 26687.50ns WARNING  cocotb_bridge                      [sfu_mon] op04_ROPE sfu_waddr=0x200310A8 wdata=0x5CBCD550
 26688.50ns WARNING  cocotb_bridge                      [sfu_mon] op04_ROPE R data=0x4000d620d7605908e088d8b85e64d1a0ddb8d100548059f05c304b005a18d750d200dd585740d3c0d8085760d830d980d7c05700cb00dd8c59785ba8dba8dcd0
 26688.50ns WARNING  cocotb_bridge                      [sfu_mon] op04_ROPE sfu_raddr=0x200400F4 rdata=0x5C385BF0
 26688.50ns WARNING  cocotb_bridge                      [sfu_mon] op04_ROPE sfu_waddr=0x200310AC wdata=0x5000D6B0
 26689.50ns WARNING  cocotb_bridge                      [sfu_mon] op04_ROPE sfu_raddr=0x200400F8 rdata=0xD9E057A0
 26689.50ns WARNING  cocotb_bridge                      [sfu_mon] op04_ROPE sfu_waddr=0x200310B0 wdata=0x54305D80
 26690.50ns WARNING  cocotb_bridge                      [sfu_mon] op04_ROPE sfu_raddr=0x200400FC rdata=0x61565D8C
 26690.50ns WARNING  cocotb_bridge                      [sfu_mon] op04_ROPE sfu_waddr=0x200310B4 wdata=0xDB00DDAC
 26691.50ns WARNING  cocotb_bridge                      [sfu_mon] op04_ROPE sfu_raddr=0x20040100 rdata=0xDBA8DCD0
 26691.50ns WARNING  cocotb_bridge                      [sfu_mon] op04_ROPE sfu_waddr=0x200310B8 wdata=0x5770DC5C
 26692.50ns WARNING  cocotb_bridge                      [sfu_mon] op04_ROPE sfu_raddr=0x20040104 rdata=0x59785BA8
 26692.50ns WARNING  cocotb_bridge                      [sfu_mon] op04_ROPE sfu_waddr=0x200310BC wdata=0x5D585AF8
 26693.50ns WARNING  cocotb_bridge                      [sfu_mon] op04_ROPE sfu_raddr=0x20040108 rdata=0xCB00DD8C
 26693.50ns WARNING  cocotb_bridge                      [sfu_mon] op04_ROPE sfu_waddr=0x200310C0 wdata=0xDCA0DA60
 26694.50ns WARNING  cocotb_bridge                      [sfu_mon] op04_ROPE sfu_raddr=0x2004010C rdata=0xD7C05700
 26694.50ns WARNING  cocotb_bridge                      [sfu_mon] op04_ROPE sfu_waddr=0x200310C4 wdata=0x4F8058B0
 26695.50ns WARNING  cocotb_bridge                      [sfu_mon] op04_ROPE sfu_raddr=0x20040110 rdata=0xD830D980
 26695.50ns WARNING  cocotb_bridge                      [sfu_mon] op04_ROPE sfu_waddr=0x200310C8 wdata=0xCDC058F8
 26696.50ns WARNING  cocotb_bridge                      [sfu_mon] op04_ROPE sfu_raddr=0x20040114 rdata=0xD8085760
 26696.50ns WARNING  cocotb_bridge                      [sfu_mon] op04_ROPE sfu_waddr=0x200310CC wdata=0xD4405B70
 26697.50ns WARNING  cocotb_bridge                      [sfu_mon] op04_ROPE sfu_raddr=0x20040118 rdata=0x5740D3C0
 26697.50ns WARNING  cocotb_bridge                      [sfu_mon] op04_ROPE sfu_waddr=0x200310D0 wdata=0xDD14C901
 26698.50ns WARNING  cocotb_bridge                      [sfu_mon] op04_ROPE sfu_raddr=0x2004011C rdata=0xD200DD58
 26698.50ns WARNING  cocotb_bridge                      [sfu_mon] op04_ROPE sfu_waddr=0x200310D4 wdata=0xDC78DCB8
 26699.50ns WARNING  cocotb_bridge                      [sfu_mon] op04_ROPE sfu_raddr=0x20040120 rdata=0x5A18D750
 26699.50ns WARNING  cocotb_bridge                      [sfu_mon] op04_ROPE sfu_waddr=0x200310D8 wdata=0xD040CC40
 26700.50ns WARNING  cocotb_bridge                      [sfu_mon] op04_ROPE sfu_raddr=0x20040124 rdata=0x5C304B00
 26700.50ns WARNING  cocotb_bridge                      [sfu_mon] op04_ROPE sfu_waddr=0x200310DC wdata=0xD200CD40
 26701.50ns WARNING  cocotb_bridge                      [sfu_mon] op04_ROPE sfu_raddr=0x20040128 rdata=0x548059F0
 26701.50ns WARNING  cocotb_bridge                      [sfu_mon] op04_ROPE sfu_waddr=0x200310E0 wdata=0xDD0C5C70
 26702.50ns WARNING  cocotb_bridge                      [sfu_mon] op04_ROPE AR addr=0x20040140
 26702.50ns WARNING  cocotb_bridge                      [sfu_mon] op04_ROPE sfu_raddr=0x2004012C rdata=0xDDB8D100
 26702.50ns WARNING  cocotb_bridge                      [sfu_mon] op04_ROPE sfu_waddr=0x200310E4 wdata=0xD40050A0
 26703.50ns WARNING  cocotb_bridge                      [sfu_mon] op04_ROPE sfu_raddr=0x20040130 rdata=0x5E64D1A0
 26703.50ns WARNING  cocotb_bridge                      [sfu_mon] op04_ROPE sfu_waddr=0x200310E8 wdata=0xDD18DCE0
 26704.50ns WARNING  cocotb_bridge                      [sfu_mon] op04_ROPE R data=0xd908deb0d1805790d6d0db50d828d8205b20cfc0d670d970d160dc445bc05a684c805fd8d680d160ca00d5a04e40d1e05e50d5b0616a5e285cf8cf80594858b8
 26704.50ns WARNING  cocotb_bridge                      [sfu_mon] op04_ROPE sfu_raddr=0x20040134 rdata=0xE088D8B8
 26704.50ns WARNING  cocotb_bridge                      [sfu_mon] op04_ROPE sfu_waddr=0x200310EC wdata=0xD9B05060
 26705.50ns WARNING  cocotb_bridge                      [sfu_mon] op04_ROPE sfu_raddr=0x20040138 rdata=0xD7605908
 26705.50ns WARNING  cocotb_bridge                      [sfu_mon] op04_ROPE sfu_waddr=0x200310F0 wdata=0xDCE0D938
 26706.50ns WARNING  cocotb_bridge                      [sfu_mon] op04_ROPE sfu_raddr=0x2004013C rdata=0x4000D620
 26706.50ns WARNING  cocotb_bridge                      [sfu_mon] op04_ROPE sfu_waddr=0x200310F4 wdata=0x5C385BF0
 26707.50ns WARNING  cocotb_bridge                      [sfu_mon] op04_ROPE sfu_raddr=0x20040140 rdata=0x594858B8
 26707.50ns WARNING  cocotb_bridge                      [sfu_mon] op04_ROPE sfu_waddr=0x200310F8 wdata=0xD9E057A0
 26708.50ns WARNING  cocotb_bridge                      [sfu_mon] op04_ROPE sfu_raddr=0x20040144 rdata=0x5CF8CF80
 26708.50ns WARNING  cocotb_bridge                      [sfu_mon] op04_ROPE sfu_waddr=0x200310FC wdata=0x61565D8C
 26709.50ns WARNING  cocotb_bridge                      [sfu_mon] op04_ROPE sfu_raddr=0x20040148 rdata=0x616A5E28
 26709.50ns WARNING  cocotb_bridge                      [sfu_mon] op04_ROPE sfu_waddr=0x20031100 wdata=0xDBA8DCD0
 26710.50ns WARNING  cocotb_bridge                      [sfu_mon] op04_ROPE sfu_raddr=0x2004014C rdata=0x5E50D5B0
 26710.50ns WARNING  cocotb_bridge                      [sfu_mon] op04_ROPE sfu_waddr=0x20031104 wdata=0x59785BA8
 26711.50ns WARNING  cocotb_bridge                      [sfu_mon] op04_ROPE sfu_raddr=0x20040150 rdata=0x4E40D1E0
 26711.50ns WARNING  cocotb_bridge                      [sfu_mon] op04_ROPE sfu_waddr=0x20031108 wdata=0xCAFFDD8C
 26712.50ns WARNING  cocotb_bridge                      [sfu_mon] op04_ROPE sfu_raddr=0x20040154 rdata=0xCA00D5A0
 26712.50ns WARNING  cocotb_bridge                      [sfu_mon] op04_ROPE sfu_waddr=0x2003110C wdata=0xD7C05700
 26713.50ns WARNING  cocotb_bridge                      [sfu_mon] op04_ROPE sfu_raddr=0x20040158 rdata=0xD680D160
 26713.50ns WARNING  cocotb_bridge                      [sfu_mon] op04_ROPE sfu_waddr=0x20031110 wdata=0xD830D980
 26714.50ns WARNING  cocotb_bridge                      [sfu_mon] op04_ROPE sfu_raddr=0x2004015C rdata=0x4C805FD8
 26714.50ns WARNING  cocotb_bridge                      [sfu_mon] op04_ROPE sfu_waddr=0x20031114 wdata=0xD8085760
 26715.50ns WARNING  cocotb_bridge                      [sfu_mon] op04_ROPE sfu_raddr=0x20040160 rdata=0x5BC05A68
 26715.50ns WARNING  cocotb_bridge                      [sfu_mon] op04_ROPE sfu_waddr=0x20031118 wdata=0x5740D3C0
 26716.50ns WARNING  cocotb_bridge                      [sfu_mon] op04_ROPE sfu_raddr=0x20040164 rdata=0xD160DC44
 26716.50ns WARNING  cocotb_bridge                      [sfu_mon] op04_ROPE sfu_waddr=0x2003111C wdata=0xD200DD58
 26717.50ns WARNING  cocotb_bridge                      [sfu_mon] op04_ROPE sfu_raddr=0x20040168 rdata=0xD670D970
 26717.50ns WARNING  cocotb_bridge                      [sfu_mon] op04_ROPE sfu_waddr=0x20031120 wdata=0x5A18D750
 26718.50ns WARNING  cocotb_bridge                      [sfu_mon] op04_ROPE AR addr=0x20040180
 26718.50ns WARNING  cocotb_bridge                      [sfu_mon] op04_ROPE sfu_raddr=0x2004016C rdata=0x5B20CFC0
 26718.50ns WARNING  cocotb_bridge                      [sfu_mon] op04_ROPE sfu_waddr=0x20031124 wdata=0x5C304B01
 26719.50ns WARNING  cocotb_bridge                      [sfu_mon] op04_ROPE sfu_raddr=0x20040170 rdata=0xD828D820
 26719.50ns WARNING  cocotb_bridge                      [sfu_mon] op04_ROPE sfu_waddr=0x20031128 wdata=0x548059F0
 26720.50ns WARNING  cocotb_bridge                      [sfu_mon] op04_ROPE R data=0x55e04980dc30dc1c59605e1458d85b28d2c056005970d710c400dbd85ab85500dc985c90ce005c94dab0dda4e1564b0000005a603c00dbc0c880da48dd6cd100
 26720.50ns WARNING  cocotb_bridge                      [sfu_mon] op04_ROPE sfu_raddr=0x20040174 rdata=0xD6D0DB50
 26720.50ns WARNING  cocotb_bridge                      [sfu_mon] op04_ROPE sfu_waddr=0x2003112C wdata=0xDDB8D100
 26721.50ns WARNING  cocotb_bridge                      [sfu_mon] op04_ROPE sfu_raddr=0x20040178 rdata=0xD1805790
 26721.50ns WARNING  cocotb_bridge                      [sfu_mon] op04_ROPE sfu_waddr=0x20031130 wdata=0x5E64D1A0
 26722.50ns WARNING  cocotb_bridge                      [sfu_mon] op04_ROPE sfu_raddr=0x2004017C rdata=0xD908DEB0
 26722.50ns WARNING  cocotb_bridge                      [sfu_mon] op04_ROPE sfu_waddr=0x20031134 wdata=0xE088D8B8
 26723.50ns WARNING  cocotb_bridge                      [sfu_mon] op04_ROPE sfu_raddr=0x20040180 rdata=0xDD6CD100
 26723.50ns WARNING  cocotb_bridge                      [sfu_mon] op04_ROPE sfu_waddr=0x20031138 wdata=0xD7605908
 26724.50ns WARNING  cocotb_bridge                      [sfu_mon] op04_ROPE sfu_raddr=0x20040184 rdata=0xC880DA48
 26724.50ns WARNING  cocotb_bridge                      [sfu_mon] op04_ROPE sfu_waddr=0x2003113C wdata=0x4001D620
 26725.50ns WARNING  cocotb_bridge                      [sfu_mon] op04_ROPE sfu_raddr=0x20040188 rdata=0x3C00DBC0
 26725.50ns WARNING  cocotb_bridge                      [sfu_mon] op04_ROPE sfu_waddr=0x20031140 wdata=0x594858B8
 26726.50ns WARNING  cocotb_bridge                      [sfu_mon] op04_ROPE sfu_raddr=0x2004018C rdata=0x00005A60
 26726.50ns WARNING  cocotb_bridge                      [sfu_mon] op04_ROPE sfu_waddr=0x20031144 wdata=0x5CF8CF80
 26727.50ns WARNING  cocotb_bridge                      [sfu_mon] op04_ROPE sfu_raddr=0x20040190 rdata=0xE1564B00
 26727.50ns WARNING  cocotb_bridge                      [sfu_mon] op04_ROPE sfu_waddr=0x20031148 wdata=0x616A5E28
 26728.50ns WARNING  cocotb_bridge                      [sfu_mon] op04_ROPE sfu_raddr=0x20040194 rdata=0xDAB0DDA4
 26728.50ns WARNING  cocotb_bridge                      [sfu_mon] op04_ROPE sfu_waddr=0x2003114C wdata=0x5E50D5B0
 26729.50ns WARNING  cocotb_bridge                      [sfu_mon] op04_ROPE sfu_raddr=0x20040198 rdata=0xCE005C94
 26729.50ns WARNING  cocotb_bridge                      [sfu_mon] op04_ROPE sfu_waddr=0x20031150 wdata=0x4E40D1E0
 26730.50ns WARNING  cocotb_bridge                      [sfu_mon] op04_ROPE sfu_raddr=0x2004019C rdata=0xDC985C90
 26730.50ns WARNING  cocotb_bridge                      [sfu_mon] op04_ROPE sfu_waddr=0x20031154 wdata=0xCA00D5A0
 26731.50ns WARNING  cocotb_bridge                      [sfu_mon] op04_ROPE sfu_raddr=0x200401A0 rdata=0x5AB85500
 26731.50ns WARNING  cocotb_bridge                      [sfu_mon] op04_ROPE sfu_waddr=0x20031158 wdata=0xD680D160
 26732.50ns WARNING  cocotb_bridge                      [sfu_mon] op04_ROPE sfu_raddr=0x200401A4 rdata=0xC400DBD8
 26732.50ns WARNING  cocotb_bridge                      [sfu_mon] op04_ROPE sfu_waddr=0x2003115C wdata=0x4C7F5FD8
 26733.50ns WARNING  cocotb_bridge                      [sfu_mon] op04_ROPE sfu_raddr=0x200401A8 rdata=0x5970D710
 26733.50ns WARNING  cocotb_bridge                      [sfu_mon] op04_ROPE sfu_waddr=0x20031160 wdata=0x5BC05A68
 26734.50ns WARNING  cocotb_bridge                      [sfu_mon] op04_ROPE AR addr=0x200401C0
 26734.50ns WARNING  cocotb_bridge                      [sfu_mon] op04_ROPE sfu_raddr=0x200401AC rdata=0xD2C05600
 26734.50ns WARNING  cocotb_bridge                      [sfu_mon] op04_ROPE sfu_waddr=0x20031164 wdata=0xD160DC44
 26735.50ns WARNING  cocotb_bridge                      [sfu_mon] op04_ROPE sfu_raddr=0x200401B0 rdata=0x58D85B28
 26735.50ns WARNING  cocotb_bridge                      [sfu_mon] op04_ROPE sfu_waddr=0x20031168 wdata=0xD670D970
 26736.50ns WARNING  cocotb_bridge                      [sfu_mon] op04_ROPE R data=0x5cd85100dcd855705e505a70dee05490d940dc84d630daf0df305cf4dbd0d3a053a0546055c0da18dd40cfc0606658d8dac04e00514055905cdcdfc4db78d8c8
 26736.50ns WARNING  cocotb_bridge                      [sfu_mon] op04_ROPE sfu_raddr=0x200401B4 rdata=0x59605E14
 26736.50ns WARNING  cocotb_bridge                      [sfu_mon] op04_ROPE sfu_waddr=0x2003116C wdata=0x5B20CFC0
 26737.50ns WARNING  cocotb_bridge                      [sfu_mon] op04_ROPE sfu_raddr=0x200401B8 rdata=0xDC30DC1C
 26737.50ns WARNING  cocotb_bridge                      [sfu_mon] op04_ROPE sfu_waddr=0x20031170 wdata=0xD828D820
 26738.50ns WARNING  cocotb_bridge                      [sfu_mon] op04_ROPE sfu_raddr=0x200401BC rdata=0x55E04980
 26738.50ns WARNING  cocotb_bridge                      [sfu_mon] op04_ROPE sfu_waddr=0x20031174 wdata=0xD6D0DB50
 26739.50ns WARNING  cocotb_bridge                      [sfu_mon] op04_ROPE sfu_raddr=0x200401C0 rdata=0xDB78D8C8
 26739.50ns WARNING  cocotb_bridge                      [sfu_mon] op04_ROPE sfu_waddr=0x20031178 wdata=0xD1805790
 26740.50ns WARNING  cocotb_bridge                      [sfu_mon] op04_ROPE sfu_raddr=0x200401C4 rdata=0x5CDCDFC4
 26740.50ns WARNING  cocotb_bridge                      [sfu_mon] op04_ROPE sfu_waddr=0x2003117C wdata=0xD908DEB0
 26741.50ns WARNING  cocotb_bridge                      [sfu_mon] op04_ROPE sfu_raddr=0x200401C8 rdata=0x51405590
 26741.50ns WARNING  cocotb_bridge                      [sfu_mon] op04_ROPE sfu_waddr=0x20031180 wdata=0xDD6CD100
 26742.50ns WARNING  cocotb_bridge                      [sfu_mon] op04_ROPE sfu_raddr=0x200401CC rdata=0xDAC04E00
 26742.50ns WARNING  cocotb_bridge                      [sfu_mon] op04_ROPE sfu_waddr=0x20031184 wdata=0xC880DA48
 26743.50ns WARNING  cocotb_bridge                      [sfu_mon] op04_ROPE sfu_raddr=0x200401D0 rdata=0x606658D8
 26743.50ns WARNING  cocotb_bridge                      [sfu_mon] op04_ROPE sfu_waddr=0x20031188 wdata=0x3C05DBC0
 26744.50ns WARNING  cocotb_bridge                      [sfu_mon] op04_ROPE sfu_raddr=0x200401D4 rdata=0xDD40CFC0
 26744.50ns WARNING  cocotb_bridge                      [sfu_mon] op04_ROPE sfu_waddr=0x2003118C wdata=0x9B005A60
 26745.50ns WARNING  cocotb_bridge                      [sfu_mon] op04_ROPE sfu_raddr=0x200401D8 rdata=0x55C0DA18
 26745.50ns WARNING  cocotb_bridge                      [sfu_mon] op04_ROPE sfu_waddr=0x20031190 wdata=0xE1564AFE
 26746.50ns WARNING  cocotb_bridge                      [sfu_mon] op04_ROPE sfu_raddr=0x200401DC rdata=0x53A05460
 26746.50ns WARNING  cocotb_bridge                      [sfu_mon] op04_ROPE sfu_waddr=0x20031194 wdata=0xDAB0DDA4
 26747.50ns WARNING  cocotb_bridge                      [sfu_mon] op04_ROPE sfu_raddr=0x200401E0 rdata=0xDBD0D3A0
 26747.50ns WARNING  cocotb_bridge                      [sfu_mon] op04_ROPE sfu_waddr=0x20031198 wdata=0xCE005C94
 26748.50ns WARNING  cocotb_bridge                      [sfu_mon] op04_ROPE sfu_raddr=0x200401E4 rdata=0xDF305CF4
 26748.50ns WARNING  cocotb_bridge                      [sfu_mon] op04_ROPE sfu_waddr=0x2003119C wdata=0xDC985C90
 26749.50ns WARNING  cocotb_bridge                      [sfu_mon] op04_ROPE sfu_raddr=0x200401E8 rdata=0xD630DAF0
 26749.50ns WARNING  cocotb_bridge                      [sfu_mon] op04_ROPE sfu_waddr=0x200311A0 wdata=0x5AB85500
 26750.50ns WARNING  cocotb_bridge                      [sfu_mon] op04_ROPE AR addr=0x20040200
 26750.50ns WARNING  cocotb_bridge                      [sfu_mon] op04_ROPE sfu_raddr=0x200401EC rdata=0xD940DC84
 26750.50ns WARNING  cocotb_bridge                      [sfu_mon] op04_ROPE sfu_waddr=0x200311A4 wdata=0xC3FEDBD8
 26751.50ns WARNING  cocotb_bridge                      [sfu_mon] op04_ROPE sfu_raddr=0x200401F0 rdata=0xDEE05490
 26751.50ns WARNING  cocotb_bridge                      [sfu_mon] op04_ROPE sfu_waddr=0x200311A8 wdata=0x5970D710
 26752.50ns WARNING  cocotb_bridge                      [sfu_mon] op04_ROPE R data=0xd140cd40e03a594050c0df34e01adac8da80dba0d3a0d878cf80dc805a48595857c05a90cc005960dd38db90558059f8dc10d7405b38d1a0dd10dbb8de90d938
 26752.50ns WARNING  cocotb_bridge                      [sfu_mon] op04_ROPE sfu_raddr=0x200401F4 rdata=0x5E505A70
 26752.50ns WARNING  cocotb_bridge                      [sfu_mon] op04_ROPE sfu_waddr=0x200311AC wdata=0xD2C05600
 26753.50ns WARNING  cocotb_bridge                      [sfu_mon] op04_ROPE sfu_raddr=0x200401F8 rdata=0xDCD85570
 26753.50ns WARNING  cocotb_bridge                      [sfu_mon] op04_ROPE sfu_waddr=0x200311B0 wdata=0x58D85B28
 26754.50ns WARNING  cocotb_bridge                      [sfu_mon] op04_ROPE sfu_raddr=0x200401FC rdata=0x5CD85100
 26754.50ns WARNING  cocotb_bridge                      [sfu_mon] op04_ROPE sfu_waddr=0x200311B4 wdata=0x59605E14
 26755.50ns WARNING  cocotb_bridge                      [sfu_mon] op04_ROPE sfu_raddr=0x20040200 rdata=0xDE90D938
 26755.50ns WARNING  cocotb_bridge                      [sfu_mon] op04_ROPE sfu_waddr=0x200311B8 wdata=0xDC30DC1C
 26756.50ns WARNING  cocotb_bridge                      [sfu_mon] op04_ROPE sfu_raddr=0x20040204 rdata=0xDD10DBB8
 26756.50ns WARNING  cocotb_bridge                      [sfu_mon] op04_ROPE sfu_waddr=0x200311BC wdata=0x55E04980
 26757.50ns WARNING  cocotb_bridge                      [sfu_mon] op04_ROPE sfu_raddr=0x20040208 rdata=0x5B38D1A0
 26757.50ns WARNING  cocotb_bridge                      [sfu_mon] op04_ROPE sfu_waddr=0x200311C0 wdata=0xDB78D8C8
 26758.50ns WARNING  cocotb_bridge                      [sfu_mon] op04_ROPE sfu_raddr=0x2004020C rdata=0xDC10D740
 26758.50ns WARNING  cocotb_bridge                      [sfu_mon] op04_ROPE sfu_waddr=0x200311C4 wdata=0x5CDCDFC4
 26759.50ns WARNING  cocotb_bridge                      [sfu_mon] op04_ROPE sfu_raddr=0x20040210 rdata=0x558059F8
 26759.50ns WARNING  cocotb_bridge                      [sfu_mon] op04_ROPE sfu_waddr=0x200311C8 wdata=0x51405590
 26760.50ns WARNING  cocotb_bridge                      [sfu_mon] op04_ROPE sfu_raddr=0x20040214 rdata=0xDD38DB90
 26760.50ns WARNING  cocotb_bridge                      [sfu_mon] op04_ROPE sfu_waddr=0x200311CC wdata=0xDAC04E00
 26761.50ns WARNING  cocotb_bridge                      [sfu_mon] op04_ROPE sfu_raddr=0x20040218 rdata=0xCC005960
 26761.50ns WARNING  cocotb_bridge                      [sfu_mon] op04_ROPE sfu_waddr=0x200311D0 wdata=0x606658D8
 26762.50ns WARNING  cocotb_bridge                      [sfu_mon] op04_ROPE sfu_raddr=0x2004021C rdata=0x57C05A90
 26762.50ns WARNING  cocotb_bridge                      [sfu_mon] op04_ROPE sfu_waddr=0x200311D4 wdata=0xDD40CFC0
 26763.50ns WARNING  cocotb_bridge                      [sfu_mon] op04_ROPE sfu_raddr=0x20040220 rdata=0x5A485958
 26763.50ns WARNING  cocotb_bridge                      [sfu_mon] op04_ROPE sfu_waddr=0x200311D8 wdata=0x55C0DA18
 26764.50ns WARNING  cocotb_bridge                      [sfu_mon] op04_ROPE sfu_raddr=0x20040224 rdata=0xCF80DC80
 26764.50ns WARNING  cocotb_bridge                      [sfu_mon] op04_ROPE sfu_waddr=0x200311DC wdata=0x53A05460
 26765.50ns WARNING  cocotb_bridge                      [sfu_mon] op04_ROPE sfu_raddr=0x20040228 rdata=0xD3A0D878
 26765.50ns WARNING  cocotb_bridge                      [sfu_mon] op04_ROPE sfu_waddr=0x200311E0 wdata=0xDBD0D3A0
 26766.50ns WARNING  cocotb_bridge                      [sfu_mon] op04_ROPE AR addr=0x20040240
 26766.50ns WARNING  cocotb_bridge                      [sfu_mon] op04_ROPE sfu_raddr=0x2004022C rdata=0xDA80DBA0
 26766.50ns WARNING  cocotb_bridge                      [sfu_mon] op04_ROPE sfu_waddr=0x200311E4 wdata=0xDF305CF4
 26767.50ns WARNING  cocotb_bridge                      [sfu_mon] op04_ROPE sfu_raddr=0x20040230 rdata=0xE01ADAC8
 26767.50ns WARNING  cocotb_bridge                      [sfu_mon] op04_ROPE sfu_waddr=0x200311E8 wdata=0xD630DAF0
 26768.50ns WARNING  cocotb_bridge                      [sfu_mon] op04_ROPE R data=0x57600000d9385440ddf45c005928d000c900591055c0d9c860d25ad85cb857a0cc005620da184dc057705cf8dd744a80d730dbc0d550d2605450d53054b05080
 26768.50ns WARNING  cocotb_bridge                      [sfu_mon] op04_ROPE sfu_raddr=0x20040234 rdata=0x50C0DF34
 26768.50ns WARNING  cocotb_bridge                      [sfu_mon] op04_ROPE sfu_waddr=0x200311EC wdata=0xD940DC84
 26769.50ns WARNING  cocotb_bridge                      [sfu_mon] op04_ROPE sfu_raddr=0x20040238 rdata=0xE03A5940
 26769.50ns WARNING  cocotb_bridge                      [sfu_mon] op04_ROPE sfu_waddr=0x200311F0 wdata=0xDEE05490
 26770.50ns WARNING  cocotb_bridge                      [sfu_mon] op04_ROPE sfu_raddr=0x2004023C rdata=0xD140CD40
 26770.50ns WARNING  cocotb_bridge                      [sfu_mon] op04_ROPE sfu_waddr=0x200311F4 wdata=0x5E505A70
 26771.50ns WARNING  cocotb_bridge                      [sfu_mon] op04_ROPE sfu_raddr=0x20040240 rdata=0x54B05080
 26771.50ns WARNING  cocotb_bridge                      [sfu_mon] op04_ROPE sfu_waddr=0x200311F8 wdata=0xDCD85570
 26772.50ns WARNING  cocotb_bridge                      [sfu_mon] op04_ROPE sfu_raddr=0x20040244 rdata=0x5450D530
 26772.50ns WARNING  cocotb_bridge                      [sfu_mon] op04_ROPE sfu_waddr=0x200311FC wdata=0x5CD85100
 26773.50ns WARNING  cocotb_bridge                      [sfu_mon] op04_ROPE sfu_raddr=0x20040248 rdata=0xD550D260
 26773.50ns WARNING  cocotb_bridge                      [sfu_mon] op04_ROPE sfu_waddr=0x20031200 wdata=0xDE90D938
 26774.50ns WARNING  cocotb_bridge                      [sfu_mon] op04_ROPE sfu_raddr=0x2004024C rdata=0xD730DBC0
 26774.50ns WARNING  cocotb_bridge                      [sfu_mon] op04_ROPE sfu_waddr=0x20031204 wdata=0xDD10DBB8
 26775.50ns WARNING  cocotb_bridge                      [sfu_mon] op04_ROPE sfu_raddr=0x20040250 rdata=0xDD744A80
 26775.50ns WARNING  cocotb_bridge                      [sfu_mon] op04_ROPE sfu_waddr=0x20031208 wdata=0x5B38D1A0
 26776.50ns WARNING  cocotb_bridge                      [sfu_mon] op04_ROPE sfu_raddr=0x20040254 rdata=0x57705CF8
 26776.50ns WARNING  cocotb_bridge                      [sfu_mon] op04_ROPE sfu_waddr=0x2003120C wdata=0xDC10D740
 26777.50ns WARNING  cocotb_bridge                      [sfu_mon] op04_ROPE sfu_raddr=0x20040258 rdata=0xDA184DC0
 26777.50ns WARNING  cocotb_bridge                      [sfu_mon] op04_ROPE sfu_waddr=0x20031210 wdata=0x558059F8
 26778.50ns WARNING  cocotb_bridge                      [sfu_mon] op04_ROPE sfu_raddr=0x2004025C rdata=0xCC005620
 26778.50ns WARNING  cocotb_bridge                      [sfu_mon] op04_ROPE sfu_waddr=0x20031214 wdata=0xDD38DB90
 26779.50ns WARNING  cocotb_bridge                      [sfu_mon] op04_ROPE sfu_raddr=0x20040260 rdata=0x5CB857A0
 26779.50ns WARNING  cocotb_bridge                      [sfu_mon] op04_ROPE sfu_waddr=0x20031218 wdata=0xCC005960
 26780.50ns WARNING  cocotb_bridge                      [sfu_mon] op04_ROPE sfu_raddr=0x20040264 rdata=0x60D25AD8
 26780.50ns WARNING  cocotb_bridge                      [sfu_mon] op04_ROPE sfu_waddr=0x2003121C wdata=0x57C05A90
 26781.50ns WARNING  cocotb_bridge                      [sfu_mon] op04_ROPE sfu_raddr=0x20040268 rdata=0x55C0D9C8
 26781.50ns WARNING  cocotb_bridge                      [sfu_mon] op04_ROPE sfu_waddr=0x20031220 wdata=0x5A485958
 26782.50ns WARNING  cocotb_bridge                      [sfu_mon] op04_ROPE AR addr=0x20040280
 26782.50ns WARNING  cocotb_bridge                      [sfu_mon] op04_ROPE sfu_raddr=0x2004026C rdata=0xC9005910
 26782.50ns WARNING  cocotb_bridge                      [sfu_mon] op04_ROPE sfu_waddr=0x20031224 wdata=0xCF80DC80
 26783.50ns WARNING  cocotb_bridge                      [sfu_mon] op04_ROPE sfu_raddr=0x20040270 rdata=0x5928D000
 26783.50ns WARNING  cocotb_bridge                      [sfu_mon] op04_ROPE sfu_waddr=0x20031228 wdata=0xD3A0D878
 26784.50ns WARNING  cocotb_bridge                      [sfu_mon] op04_ROPE R data=0xde545e345a98de7c5700d9a8da485b3858c8d7f053c05be8d1a0cd805ac8dddc5a8851c055f05ab8dcbc4c805dcc5c54d060ce0058a056505e9459904f00c000
 26784.50ns WARNING  cocotb_bridge                      [sfu_mon] op04_ROPE sfu_raddr=0x20040274 rdata=0xDDF45C00
 26784.50ns WARNING  cocotb_bridge                      [sfu_mon] op04_ROPE sfu_waddr=0x2003122C wdata=0xDA80DBA0
 38796.50ns WARNING  cocotb_bridge                      [diag] op05_attn_score MMUL: input SRAM at 0x20010000 = 808080803ea180447f7f807f809e7f7f
[MXU_FSM] state=1 busy=0 done=0 error=0 t=39040000
[MXU_FSM] state=2 busy=0 done=0 error=0 t=39041000
[MXU_FSM] state=3 busy=0 done=0 error=1 t=39042000
[MXU_FSM] state=4 busy=0 done=0 error=0 t=39043000
 39043.50ns WARNING  cocotb_bridge                      [mxu_mon] op05_attn_score MMUL compute_en rose burst=1
 39043.50ns WARNING  cocotb_bridge                      [mxu_mon] op05_attn_score MMUL signal read error: u_mxu_wrapper contains no object named comp_cycle
[MXU_FSM] state=2 busy=1 done=0 error=0 t=39110000
[MXU_FSM] state=3 busy=0 done=0 error=1 t=39111000
[MXU_FSM] state=4 busy=0 done=0 error=0 t=39112000
 39112.50ns WARNING  cocotb_bridge                      [mxu_mon] op05_attn_score MMUL compute_en rose burst=2
 39112.50ns WARNING  cocotb_bridge                      [mxu_mon] op05_attn_score MMUL signal read error: u_mxu_wrapper contains no object named comp_cycle
[MXU_FSM] state=5 busy=1 done=0 error=0 t=39179000
[MXU_FSM] state=6 busy=0 done=1 error=0 t=39212000
[MXU_FSM] state=0 busy=0 done=0 error=0 t=39213000
 39669.50ns ERROR    cocotb_bridge                        First mismatch @ byte[8]: actual=0x00, golden=0xD0
 39669.50ns ERROR    cocotb_bridge                        Total INT32 mismatches: 62/64
 39669.50ns ERROR    cocotb_bridge                        Raw bytes @ 0x20020000: 74f9ffff4d0c0000000000000000000000000000000000000000000000000000
 39669.50ns ERROR    cocotb_bridge                        Golden bytes @ 0x20020000: 74f9ffff4d0c0000d00400009611000084efffff33f6ffffe0f7fffff5260000
 39669.50ns ERROR    cocotb_bridge                      [Step 6] FAIL: op05_attn_score MMUL
 39669.50ns ERROR    cocotb_bridge                      [BLK0] op 5 attn_score MMUL: FAIL in 634 cycles
 39677.50ns WARNING  cocotb_bridge                      [diag] op06_attn_softmax SOFTMAX: input SRAM at 0x20030000 = 8ce6266ad064666c1fece6e810e8df70
 39697.50ns WARNING  cocotb_bridge                      [sfu_mon] op06_attn_softmax SOFTMAX sfu_raddr=0x20030000 rdata=0x6A26E68C
 39698.50ns WARNING  cocotb_bridge                      [sfu_mon] op06_attn_softmax SOFTMAX sfu_raddr=0x20030004 rdata=0x6C6664D0
 39699.50ns WARNING  cocotb_bridge                      [sfu_mon] op06_attn_softmax SOFTMAX sfu_raddr=0x20030004 rdata=0x6C6664D0
 39700.50ns WARNING  cocotb_bridge                      [sfu_mon] op06_attn_softmax SOFTMAX sfu_raddr=0x20030008 rdata=0xE8E6EC1F
 39701.50ns WARNING  cocotb_bridge                      [sfu_mon] op06_attn_softmax SOFTMAX sfu_raddr=0x20030008 rdata=0xE8E6EC1F
 39702.50ns WARNING  cocotb_bridge                      [sfu_mon] op06_attn_softmax SOFTMAX sfu_raddr=0x2003000C rdata=0x70DFE810
 39703.50ns WARNING  cocotb_bridge                      [sfu_mon] op06_attn_softmax SOFTMAX sfu_raddr=0x2003000C rdata=0x70DFE810
 39704.50ns WARNING  cocotb_bridge                      [sfu_mon] op06_attn_softmax SOFTMAX sfu_raddr=0x20030010 rdata=0x67B9DFBC
 39705.50ns WARNING  cocotb_bridge                      [sfu_mon] op06_attn_softmax SOFTMAX sfu_raddr=0x20030010 rdata=0x67B9DFBC
 39706.50ns WARNING  cocotb_bridge                      [sfu_mon] op06_attn_softmax SOFTMAX sfu_raddr=0x20030014 rdata=0x634A642A
 39707.50ns WARNING  cocotb_bridge                      [sfu_mon] op06_attn_softmax SOFTMAX sfu_raddr=0x20030014 rdata=0x634A642A
 39708.50ns WARNING  cocotb_bridge                      [sfu_mon] op06_attn_softmax SOFTMAX sfu_raddr=0x20030018 rdata=0xE9D56A1C
 39709.50ns WARNING  cocotb_bridge                      [sfu_mon] op06_attn_softmax SOFTMAX sfu_raddr=0x20030018 rdata=0xE9D56A1C
 39710.50ns WARNING  cocotb_bridge                      [sfu_mon] op06_attn_softmax SOFTMAX sfu_raddr=0x2003001C rdata=0x5FA863A0
 39711.50ns WARNING  cocotb_bridge                      [sfu_mon] op06_attn_softmax SOFTMAX sfu_raddr=0x2003001C rdata=0x5FA863A0
 39712.50ns WARNING  cocotb_bridge                      [sfu_mon] op06_attn_softmax SOFTMAX sfu_raddr=0x20030020 rdata=0xE60A6AC8
 39713.50ns WARNING  cocotb_bridge                      [sfu_mon] op06_attn_softmax SOFTMAX sfu_raddr=0x20030020 rdata=0xE60A6AC8
 39714.50ns WARNING  cocotb_bridge                      [sfu_mon] op06_attn_softmax SOFTMAX sfu_raddr=0x20030024 rdata=0xD8306A5B
 39715.50ns WARNING  cocotb_bridge                      [sfu_mon] op06_attn_softmax SOFTMAX sfu_raddr=0x20030024 rdata=0xD8306A5B
 39716.50ns WARNING  cocotb_bridge                      [sfu_mon] op06_attn_softmax SOFTMAX sfu_raddr=0x20030028 rdata=0xE818ED52
 39717.50ns WARNING  cocotb_bridge                      [sfu_mon] op06_attn_softmax SOFTMAX AR addr=0x20030040
 39717.50ns WARNING  cocotb_bridge                      [sfu_mon] op06_attn_softmax SOFTMAX sfu_raddr=0x20030028 rdata=0xE818ED52
 39718.50ns WARNING  cocotb_bridge                      [sfu_mon] op06_attn_softmax SOFTMAX sfu_raddr=0x2003002C rdata=0xF0D4F0BD
 39719.50ns WARNING  cocotb_bridge                      [sfu_mon] op06_attn_softmax SOFTMAX R data=0xec286910ee3d68b96ac86f57dc046b866e2ae415ec0ee9e769bc619cec06e8886b86f0626c5ee93ce9196942e4d16ca3eb88ec5dedbef066ef9df29a72a96dfa
 39719.50ns WARNING  cocotb_bridge                      [sfu_mon] op06_attn_softmax SOFTMAX sfu_raddr=0x2003002C rdata=0xF0D4F0BD
 39720.50ns WARNING  cocotb_bridge                      [sfu_mon] op06_attn_softmax SOFTMAX sfu_raddr=0x20030030 rdata=0xEB8A6E0D
 39721.50ns WARNING  cocotb_bridge                      [sfu_mon] op06_attn_softmax SOFTMAX sfu_raddr=0x20030030 rdata=0xEB8A6E0D
 39722.50ns WARNING  cocotb_bridge                      [sfu_mon] op06_attn_softmax SOFTMAX sfu_raddr=0x20030034 rdata=0x6CC96CCC
 39723.50ns WARNING  cocotb_bridge                      [sfu_mon] op06_attn_softmax SOFTMAX sfu_raddr=0x20030034 rdata=0x6CC96CCC
 39724.50ns WARNING  cocotb_bridge                      [sfu_mon] op06_attn_softmax SOFTMAX sfu_raddr=0x20030038 rdata=0x6C02E80D
 39725.50ns WARNING  cocotb_bridge                      [sfu_mon] op06_attn_softmax SOFTMAX sfu_raddr=0x20030038 rdata=0x6C02E80D
 39726.50ns WARNING  cocotb_bridge                      [sfu_mon] op06_attn_softmax SOFTMAX sfu_raddr=0x2003003C rdata=0x6AF75E7C
 39727.50ns WARNING  cocotb_bridge                      [sfu_mon] op06_attn_softmax SOFTMAX sfu_raddr=0x2003003C rdata=0x6AF75E7C
 39728.50ns WARNING  cocotb_bridge                      [sfu_mon] op06_attn_softmax SOFTMAX sfu_raddr=0x20030040 rdata=0x72A96DFA
 39729.50ns WARNING  cocotb_bridge                      [sfu_mon] op06_attn_softmax SOFTMAX sfu_raddr=0x20030040 rdata=0x72A96DFA
 39730.50ns WARNING  cocotb_bridge                      [sfu_mon] op06_attn_softmax SOFTMAX sfu_raddr=0x20030044 rdata=0xEF9DF29A
 39731.50ns WARNING  cocotb_bridge                      [sfu_mon] op06_attn_softmax SOFTMAX sfu_raddr=0x20030044 rdata=0xEF9DF29A
 39732.50ns WARNING  cocotb_bridge                      [sfu_mon] op06_attn_softmax SOFTMAX sfu_raddr=0x20030048 rdata=0xEDBEF066
 39733.50ns WARNING  cocotb_bridge                      [sfu_mon] op06_attn_softmax SOFTMAX sfu_raddr=0x20030048 rdata=0xEDBEF066
 39734.50ns WARNING  cocotb_bridge                      [sfu_mon] op06_attn_softmax SOFTMAX sfu_raddr=0x2003004C rdata=0xEB88EC5D
 39735.50ns WARNING  cocotb_bridge                      [sfu_mon] op06_attn_softmax SOFTMAX sfu_raddr=0x2003004C rdata=0xEB88EC5D
 39736.50ns WARNING  cocotb_bridge                      [sfu_mon] op06_attn_softmax SOFTMAX sfu_raddr=0x20030050 rdata=0xE4D16CA3
 39737.50ns WARNING  cocotb_bridge                      [sfu_mon] op06_attn_softmax SOFTMAX sfu_raddr=0x20030050 rdata=0xE4D16CA3
 39738.50ns WARNING  cocotb_bridge                      [sfu_mon] op06_attn_softmax SOFTMAX sfu_raddr=0x20030054 rdata=0xE9196942
 39739.50ns WARNING  cocotb_bridge                      [sfu_mon] op06_attn_softmax SOFTMAX sfu_raddr=0x20030054 rdata=0xE9196942
 39740.50ns WARNING  cocotb_bridge                      [sfu_mon] op06_attn_softmax SOFTMAX sfu_raddr=0x20030058 rdata=0x6C5EE93C
 39741.50ns WARNING  cocotb_bridge                      [sfu_mon] op06_attn_softmax SOFTMAX sfu_raddr=0x20030058 rdata=0x6C5EE93C
 39742.50ns WARNING  cocotb_bridge                      [sfu_mon] op06_attn_softmax SOFTMAX sfu_raddr=0x2003005C rdata=0x6B86F062
 39743.50ns WARNING  cocotb_bridge                      [sfu_mon] op06_attn_softmax SOFTMAX sfu_raddr=0x2003005C rdata=0x6B86F062
 39744.50ns WARNING  cocotb_bridge                      [sfu_mon] op06_attn_softmax SOFTMAX sfu_raddr=0x20030060 rdata=0xEC06E888
 39745.50ns WARNING  cocotb_bridge                      [sfu_mon] op06_attn_softmax SOFTMAX sfu_raddr=0x20030060 rdata=0xEC06E888
 39746.50ns WARNING  cocotb_bridge                      [sfu_mon] op06_attn_softmax SOFTMAX sfu_raddr=0x20030064 rdata=0x69BC619C
 39747.50ns WARNING  cocotb_bridge                      [sfu_mon] op06_attn_softmax SOFTMAX sfu_raddr=0x20030064 rdata=0x69BC619C
 39748.50ns WARNING  cocotb_bridge                      [sfu_mon] op06_attn_softmax SOFTMAX sfu_raddr=0x20030068 rdata=0xEC0EE9E7
 39749.50ns WARNING  cocotb_bridge                      [sfu_mon] op06_attn_softmax SOFTMAX AR addr=0x20030080
 39749.50ns WARNING  cocotb_bridge                      [sfu_mon] op06_attn_softmax SOFTMAX sfu_raddr=0x20030068 rdata=0xEC0EE9E7
 39750.50ns WARNING  cocotb_bridge                      [sfu_mon] op06_attn_softmax SOFTMAX sfu_raddr=0x2003006C rdata=0x6E2AE415
 39751.50ns WARNING  cocotb_bridge                      [sfu_mon] op06_attn_softmax SOFTMAX R data=0x5d585af85770dc5cdb00ddac54305d805000d6b05cbcd5505d845a88daf8d1005910db48ddb448805e28ddc85d3458e05c10dc845b105c28d8185a80d570d430
 39751.50ns WARNING  cocotb_bridge                      [sfu_mon] op06_attn_softmax SOFTMAX sfu_raddr=0x2003006C rdata=0x6E2AE415
 39752.50ns WARNING  cocotb_bridge                      [sfu_mon] op06_attn_softmax SOFTMAX sfu_raddr=0x20030070 rdata=0xDC046B86
 39753.50ns WARNING  cocotb_bridge                      [sfu_mon] op06_attn_softmax SOFTMAX sfu_raddr=0x20030070 rdata=0xDC046B86
 39754.50ns WARNING  cocotb_bridge                      [sfu_mon] op06_attn_softmax SOFTMAX sfu_raddr=0x20030074 rdata=0x6AC86F57
 39755.50ns WARNING  cocotb_bridge                      [sfu_mon] op06_attn_softmax SOFTMAX sfu_raddr=0x20030074 rdata=0x6AC86F57
 39756.50ns WARNING  cocotb_bridge                      [sfu_mon] op06_attn_softmax SOFTMAX sfu_raddr=0x20030078 rdata=0xEE3D68B9
 39757.50ns WARNING  cocotb_bridge                      [sfu_mon] op06_attn_softmax SOFTMAX sfu_raddr=0x20030078 rdata=0xEE3D68B9
 39758.50ns WARNING  cocotb_bridge                      [sfu_mon] op06_attn_softmax SOFTMAX sfu_raddr=0x2003007C rdata=0xEC286910
 39759.50ns WARNING  cocotb_bridge                      [sfu_mon] op06_attn_softmax SOFTMAX sfu_raddr=0x2003007C rdata=0xEC286910
 39760.50ns WARNING  cocotb_bridge                      [sfu_mon] op06_attn_softmax SOFTMAX sfu_raddr=0x20030080 rdata=0x00000000
 39761.50ns WARNING  cocotb_bridge                      [sfu_mon] op06_attn_softmax SOFTMAX sfu_raddr=0x20030080 rdata=0x00000000
 39762.50ns WARNING  cocotb_bridge                      [sfu_mon] op06_attn_softmax SOFTMAX sfu_raddr=0x20030080 rdata=0x00000000
 39861.50ns WARNING  cocotb_bridge                      [sfu_mon] op06_attn_softmax SOFTMAX sfu_waddr=0x20030200 wdata=0x00000000
 39863.50ns WARNING  cocotb_bridge                      [sfu_mon] op06_attn_softmax SOFTMAX sfu_waddr=0x20030204 wdata=0x00000000
 39865.50ns WARNING  cocotb_bridge                      [sfu_mon] op06_attn_softmax SOFTMAX sfu_waddr=0x20030208 wdata=0x00000000
 39867.50ns WARNING  cocotb_bridge                      [sfu_mon] op06_attn_softmax SOFTMAX sfu_waddr=0x2003020C wdata=0x00000000
 39869.50ns WARNING  cocotb_bridge                      [sfu_mon] op06_attn_softmax SOFTMAX sfu_waddr=0x20030210 wdata=0x00000000
 39871.50ns WARNING  cocotb_bridge                      [sfu_mon] op06_attn_softmax SOFTMAX sfu_waddr=0x20030214 wdata=0x00000000
 39873.50ns WARNING  cocotb_bridge                      [sfu_mon] op06_attn_softmax SOFTMAX sfu_waddr=0x20030218 wdata=0x00000000
 39875.50ns WARNING  cocotb_bridge                      [sfu_mon] op06_attn_softmax SOFTMAX sfu_waddr=0x2003021C wdata=0x00000000
 39877.50ns WARNING  cocotb_bridge                      [sfu_mon] op06_attn_softmax SOFTMAX sfu_waddr=0x20030220 wdata=0x00000000
 39879.50ns WARNING  cocotb_bridge                      [sfu_mon] op06_attn_softmax SOFTMAX sfu_waddr=0x20030224 wdata=0x00000000
 39881.50ns WARNING  cocotb_bridge                      [sfu_mon] op06_attn_softmax SOFTMAX sfu_waddr=0x20030228 wdata=0x00000000
 39883.50ns WARNING  cocotb_bridge                      [sfu_mon] op06_attn_softmax SOFTMAX sfu_waddr=0x2003022C wdata=0x00000000
 39885.50ns WARNING  cocotb_bridge                      [sfu_mon] op06_attn_softmax SOFTMAX sfu_waddr=0x20030230 wdata=0x00000000
 39887.50ns WARNING  cocotb_bridge                      [sfu_mon] op06_attn_softmax SOFTMAX sfu_waddr=0x20030234 wdata=0x00000000
 39889.50ns WARNING  cocotb_bridge                      [sfu_mon] op06_attn_softmax SOFTMAX sfu_waddr=0x20030238 wdata=0x00000000
 39891.50ns WARNING  cocotb_bridge                      [sfu_mon] op06_attn_softmax SOFTMAX sfu_waddr=0x2003023C wdata=0x00000000
 39893.50ns WARNING  cocotb_bridge                      [sfu_mon] op06_attn_softmax SOFTMAX sfu_waddr=0x20030240 wdata=0x3C000000
 39895.50ns WARNING  cocotb_bridge                      [sfu_mon] op06_attn_softmax SOFTMAX sfu_waddr=0x20030244 wdata=0x00000000
 39897.50ns WARNING  cocotb_bridge                      [sfu_mon] op06_attn_softmax SOFTMAX sfu_waddr=0x20030248 wdata=0x00000000
 39899.50ns WARNING  cocotb_bridge                      [sfu_mon] op06_attn_softmax SOFTMAX sfu_waddr=0x2003024C wdata=0x00000000
 39901.50ns WARNING  cocotb_bridge                      [sfu_mon] op06_attn_softmax SOFTMAX sfu_waddr=0x20030250 wdata=0x00000000
 39903.50ns WARNING  cocotb_bridge                      [sfu_mon] op06_attn_softmax SOFTMAX sfu_waddr=0x20030254 wdata=0x00000000
 39905.50ns WARNING  cocotb_bridge                      [sfu_mon] op06_attn_softmax SOFTMAX sfu_waddr=0x20030258 wdata=0x00000000
 39907.50ns WARNING  cocotb_bridge                      [sfu_mon] op06_attn_softmax SOFTMAX sfu_waddr=0x2003025C wdata=0x00000000
 39909.50ns WARNING  cocotb_bridge                      [sfu_mon] op06_attn_softmax SOFTMAX sfu_waddr=0x20030260 wdata=0x00000000
 39911.50ns WARNING  cocotb_bridge                      [sfu_mon] op06_attn_softmax SOFTMAX sfu_waddr=0x20030264 wdata=0x00000000
 39913.50ns WARNING  cocotb_bridge                      [sfu_mon] op06_attn_softmax SOFTMAX sfu_waddr=0x20030268 wdata=0x00000000
 39915.50ns WARNING  cocotb_bridge                      [sfu_mon] op06_attn_softmax SOFTMAX sfu_waddr=0x2003026C wdata=0x00000000
 39917.50ns WARNING  cocotb_bridge                      [sfu_mon] op06_attn_softmax SOFTMAX sfu_waddr=0x20030270 wdata=0x00000000
 39919.50ns WARNING  cocotb_bridge                      [sfu_mon] op06_attn_softmax SOFTMAX sfu_waddr=0x20030274 wdata=0x00000000
 39921.50ns WARNING  cocotb_bridge                      [sfu_mon] op06_attn_softmax SOFTMAX sfu_waddr=0x20030278 wdata=0x00000000
 39923.50ns WARNING  cocotb_bridge                      [sfu_mon] op06_attn_softmax SOFTMAX sfu_waddr=0x2003027C wdata=0x00000000
 40554.50ns WARNING  cocotb_bridge                      [diag] op06_attn_softmax SOFTMAX: output SRAM is all-zero at 0x20030200
[MXU_FSM] state=1 busy=0 done=0 error=0 t=53997000
[MXU_FSM] state=2 busy=0 done=0 error=0 t=53998000
[MXU_FSM] state=3 busy=0 done=0 error=1 t=53999000
[MXU_FSM] state=4 busy=0 done=0 error=0 t=54000000
[MXU_FSM] state=5 busy=1 done=0 error=0 t=54005000
[MXU_FSM] state=6 busy=0 done=1 error=0 t=54038000
[MXU_FSM] state=0 busy=0 done=0 error=0 t=54039000
[MXU_FSM] state=1 busy=0 done=0 error=0 t=54368000
[MXU_FSM] state=2 busy=0 done=0 error=0 t=54369000
[MXU_FSM] state=3 busy=0 done=0 error=1 t=54370000
[MXU_FSM] state=4 busy=0 done=0 error=0 t=54371000
[MXU_FSM] state=5 busy=1 done=0 error=0 t=54376000
[MXU_FSM] state=6 busy=0 done=1 error=0 t=54409000
[MXU_FSM] state=0 busy=0 done=0 error=0 t=54410000
 70993.50ns WARNING  cocotb_bridge                      [BLK0] op 8: weight 5242880 B exceeds 64 KB weight buffer; applying single-tile workaround
 71121.50ns WARNING  cocotb_bridge                      [diag] op08_O_proj MMUL: input SRAM at 0x20010000 = 00000000000000000000000000000000
[MXU_FSM] state=1 busy=0 done=0 error=0 t=71263000
[MXU_FSM] state=2 busy=0 done=0 error=0 t=71264000
[MXU_FSM] state=3 busy=0 done=0 error=1 t=71265000
[MXU_FSM] state=4 busy=0 done=0 error=0 t=71266000
[MXU_FSM] state=5 busy=1 done=0 error=0 t=71333000
[MXU_FSM] state=6 busy=0 done=1 error=0 t=71335000
[MXU_FSM] state=0 busy=0 done=0 error=0 t=71336000
 71545.50ns WARNING  cocotb_bridge                      [diag] op08_O_proj MMUL: output SRAM is all-zero at 0x20020000
 72825.50ns WARNING  cocotb_bridge                      [diag] op09_VRESID: input SRAM at 0x20030000 = 7e0000004d000000cbffffff32000000
 73263.50ns WARNING  cocotb_bridge                      [vector_preload diag] B SRAM at 0x20022000 = 98fdffffa8feffffe3ffffff99ffffffc2feffffea0000008e000000a70000008efffffff5000000dbffffffe1ffffff2bffffffa8feffffb40100008d000000b3ffffffcb000000d9ffffff66ffffff3301000068feffffdfffffffbeffffffec00000041ffffffa8000000df0000009f02000035000000070100008f000000830000009d0000004f000000e2feffffb40000000c0000005900000070ffffff67ffffff5effffffeb000000f2000000d9fffffff9feffff67ffffff32ffffff
 73263.50ns WARNING  cocotb_bridge                      [vector_buf diag] op09_VRESID buf_a[16]: [-16, 19, 23, 38, -22, -20, -127, 47] ... [-8, -85, 62, -36, 20, -83, 118, 67]
 73263.50ns WARNING  cocotb_bridge                      [vector_buf diag] op09_VRESID buf_b[16]: [-616, -344, -29, -103, -318, 234, 142, 167] ... [-25, -213, 410, -192, 225, 148, 145, 401]
 78968.50ns WARNING  cocotb_bridge                      [vector_buf diag] op09_VRESID buf_o[15]: [-100, -602, -14, 137, -36, -162, 223, -194] ... [132, 451, 103, 55, 201, 426, 37, 106]
 78968.50ns WARNING  cocotb_bridge                      [vector_buf diag] op09_VRESID buf_o[16]: [-632, -325, -6, -65, -340, 214, 15, 214] ... [-33, -298, 472, -228, 245, 65, 263, 468]
 79511.50ns WARNING  cocotb_bridge                      [diag] op10_RMSNORM post-attn: input SRAM at 0x20030000 = 4053905ac0d86058005eac5d905ad0d5
 79531.50ns WARNING  cocotb_bridge                      [sfu_mon] op10_RMSNORM post-attn sfu_raddr=0x20030000 rdata=0x5A905340
 79532.50ns WARNING  cocotb_bridge                      [sfu_mon] op10_RMSNORM post-attn sfu_raddr=0x20030004 rdata=0x5860D8C0
 79533.50ns WARNING  cocotb_bridge                      [sfu_mon] op10_RMSNORM post-attn sfu_raddr=0x20030004 rdata=0x5860D8C0
 79534.50ns WARNING  cocotb_bridge                      [sfu_mon] op10_RMSNORM post-attn sfu_raddr=0x20030008 rdata=0x5DAC5E00
 79535.50ns WARNING  cocotb_bridge                      [sfu_mon] op10_RMSNORM post-attn sfu_raddr=0x20030008 rdata=0x5DAC5E00
 79536.50ns WARNING  cocotb_bridge                      [sfu_mon] op10_RMSNORM post-attn sfu_raddr=0x2003000C rdata=0xD5D05A90
 79537.50ns WARNING  cocotb_bridge                      [sfu_mon] op10_RMSNORM post-attn sfu_raddr=0x2003000C rdata=0xD5D05A90
 79538.50ns WARNING  cocotb_bridge                      [sfu_mon] op10_RMSNORM post-attn sfu_raddr=0x20030010 rdata=0xD928DE98
 79539.50ns WARNING  cocotb_bridge                      [sfu_mon] op10_RMSNORM post-attn sfu_raddr=0x20030010 rdata=0xD928DE98
 79540.50ns WARNING  cocotb_bridge                      [sfu_mon] op10_RMSNORM post-attn sfu_raddr=0x20030014 rdata=0xD450D7A0
 79541.50ns WARNING  cocotb_bridge                      [sfu_mon] op10_RMSNORM post-attn sfu_raddr=0x20030014 rdata=0xD450D7A0
 79542.50ns WARNING  cocotb_bridge                      [sfu_mon] op10_RMSNORM post-attn sfu_raddr=0x20030018 rdata=0xD650D0C0
 79543.50ns WARNING  cocotb_bridge                      [sfu_mon] op10_RMSNORM post-attn sfu_raddr=0x20030018 rdata=0xD650D0C0
 79544.50ns WARNING  cocotb_bridge                      [sfu_mon] op10_RMSNORM post-attn sfu_raddr=0x2003001C rdata=0x5CF85A68
 79545.50ns WARNING  cocotb_bridge                      [sfu_mon] op10_RMSNORM post-attn sfu_raddr=0x2003001C rdata=0x5CF85A68
 79546.50ns WARNING  cocotb_bridge                      [sfu_mon] op10_RMSNORM post-attn sfu_raddr=0x20030020 rdata=0x5E0051E0
 79547.50ns WARNING  cocotb_bridge                      [sfu_mon] op10_RMSNORM post-attn sfu_raddr=0x20030020 rdata=0x5E0051E0
 79548.50ns WARNING  cocotb_bridge                      [sfu_mon] op10_RMSNORM post-attn sfu_raddr=0x20030024 rdata=0x5E80D4C0
 79549.50ns WARNING  cocotb_bridge                      [sfu_mon] op10_RMSNORM post-attn sfu_raddr=0x20030024 rdata=0x5E80D4C0
 79550.50ns WARNING  cocotb_bridge                      [sfu_mon] op10_RMSNORM post-attn sfu_raddr=0x20030028 rdata=0x5BA8DDBC
 79551.50ns WARNING  cocotb_bridge                      [sfu_mon] op10_RMSNORM post-attn AR addr=0x20030040
 79551.50ns WARNING  cocotb_bridge                      [sfu_mon] op10_RMSNORM post-attn sfu_raddr=0x20030028 rdata=0x5BA8DDBC
 79552.50ns WARNING  cocotb_bridge                      [sfu_mon] op10_RMSNORM post-attn sfu_raddr=0x2003002C rdata=0x5D3CDDA8
 79553.50ns WARNING  cocotb_bridge                      [sfu_mon] op10_RMSNORM post-attn R data=0xd93054d05ad8dbc05aa056704800dbb857d0d840cb8050605d40d61055505b00cfc0dbb85ed850a03c0054205e44cec05a10da005570da30d840d9c0d670dd8c
 79553.50ns WARNING  cocotb_bridge                      [sfu_mon] op10_RMSNORM post-attn sfu_raddr=0x2003002C rdata=0x5D3CDDA8
 79554.50ns WARNING  cocotb_bridge                      [sfu_mon] op10_RMSNORM post-attn sfu_raddr=0x20030030 rdata=0xCC805878
 79555.50ns WARNING  cocotb_bridge                      [sfu_mon] op10_RMSNORM post-attn sfu_raddr=0x20030030 rdata=0xCC805878
 79556.50ns WARNING  cocotb_bridge                      [sfu_mon] op10_RMSNORM post-attn sfu_raddr=0x20030034 rdata=0x5440D848
 79557.50ns WARNING  cocotb_bridge                      [sfu_mon] op10_RMSNORM post-attn sfu_raddr=0x20030034 rdata=0x5440D848
 79558.50ns WARNING  cocotb_bridge                      [sfu_mon] op10_RMSNORM post-attn sfu_raddr=0x20030038 rdata=0x54B0E004
 79559.50ns WARNING  cocotb_bridge                      [sfu_mon] op10_RMSNORM post-attn sfu_raddr=0x20030038 rdata=0x54B0E004
 79560.50ns WARNING  cocotb_bridge                      [sfu_mon] op10_RMSNORM post-attn sfu_raddr=0x2003003C rdata=0xDC445C3C
 79561.50ns WARNING  cocotb_bridge                      [sfu_mon] op10_RMSNORM post-attn sfu_raddr=0x2003003C rdata=0xDC445C3C
 79562.50ns WARNING  cocotb_bridge                      [sfu_mon] op10_RMSNORM post-attn sfu_raddr=0x20030040 rdata=0xD670DD8C
 79563.50ns WARNING  cocotb_bridge                      [sfu_mon] op10_RMSNORM post-attn sfu_raddr=0x20030040 rdata=0xD670DD8C
 79564.50ns WARNING  cocotb_bridge                      [sfu_mon] op10_RMSNORM post-attn sfu_raddr=0x20030044 rdata=0xD840D9C0
 79565.50ns WARNING  cocotb_bridge                      [sfu_mon] op10_RMSNORM post-attn sfu_raddr=0x20030044 rdata=0xD840D9C0
 79566.50ns WARNING  cocotb_bridge                      [sfu_mon] op10_RMSNORM post-attn sfu_raddr=0x20030048 rdata=0x5570DA30
 79567.50ns WARNING  cocotb_bridge                      [sfu_mon] op10_RMSNORM post-attn sfu_raddr=0x20030048 rdata=0x5570DA30
 79568.50ns WARNING  cocotb_bridge                      [sfu_mon] op10_RMSNORM post-attn sfu_raddr=0x2003004C rdata=0x5A10DA00
 79569.50ns WARNING  cocotb_bridge                      [sfu_mon] op10_RMSNORM post-attn sfu_raddr=0x2003004C rdata=0x5A10DA00
 79570.50ns WARNING  cocotb_bridge                      [sfu_mon] op10_RMSNORM post-attn sfu_raddr=0x20030050 rdata=0x5E44CEC0
 79571.50ns WARNING  cocotb_bridge                      [sfu_mon] op10_RMSNORM post-attn sfu_raddr=0x20030050 rdata=0x5E44CEC0
 79572.50ns WARNING  cocotb_bridge                      [sfu_mon] op10_RMSNORM post-attn sfu_raddr=0x20030054 rdata=0x3C005420
 79573.50ns WARNING  cocotb_bridge                      [sfu_mon] op10_RMSNORM post-attn sfu_raddr=0x20030054 rdata=0x3C005420
 79574.50ns WARNING  cocotb_bridge                      [sfu_mon] op10_RMSNORM post-attn sfu_raddr=0x20030058 rdata=0x5ED850A0
 79575.50ns WARNING  cocotb_bridge                      [sfu_mon] op10_RMSNORM post-attn sfu_raddr=0x20030058 rdata=0x5ED850A0
 79576.50ns WARNING  cocotb_bridge                      [sfu_mon] op10_RMSNORM post-attn sfu_raddr=0x2003005C rdata=0xCFC0DBB8
 79577.50ns WARNING  cocotb_bridge                      [sfu_mon] op10_RMSNORM post-attn sfu_raddr=0x2003005C rdata=0xCFC0DBB8
 79578.50ns WARNING  cocotb_bridge                      [sfu_mon] op10_RMSNORM post-attn sfu_raddr=0x20030060 rdata=0x55505B00
 79579.50ns WARNING  cocotb_bridge                      [sfu_mon] op10_RMSNORM post-attn sfu_raddr=0x20030060 rdata=0x55505B00
 79580.50ns WARNING  cocotb_bridge                      [sfu_mon] op10_RMSNORM post-attn sfu_raddr=0x20030064 rdata=0x5D40D610
 79581.50ns WARNING  cocotb_bridge                      [sfu_mon] op10_RMSNORM post-attn sfu_raddr=0x20030064 rdata=0x5D40D610
 79582.50ns WARNING  cocotb_bridge                      [sfu_mon] op10_RMSNORM post-attn sfu_raddr=0x20030068 rdata=0xCB805060
 79583.50ns WARNING  cocotb_bridge                      [sfu_mon] op10_RMSNORM post-attn AR addr=0x20030080
 79583.50ns WARNING  cocotb_bridge                      [sfu_mon] op10_RMSNORM post-attn sfu_raddr=0x20030068 rdata=0xCB805060
 79584.50ns WARNING  cocotb_bridge                      [sfu_mon] op10_RMSNORM post-attn sfu_raddr=0x2003006C rdata=0x57D0D840
 79585.50ns WARNING  cocotb_bridge                      [sfu_mon] op10_RMSNORM post-attn R data=0xcec05eb452205e105c4cd620cf005aa8d0804600c7005280592856e0e08a5b98d2405d905d94ded4d3005880dbc8dc105b085ef058f8d7a04f80d5a0de6857d0
 79585.50ns WARNING  cocotb_bridge                      [sfu_mon] op10_RMSNORM post-attn sfu_raddr=0x2003006C rdata=0x57D0D840
 79586.50ns WARNING  cocotb_bridge                      [sfu_mon] op10_RMSNORM post-attn sfu_raddr=0x20030070 rdata=0x4800DBB8
 79587.50ns WARNING  cocotb_bridge                      [sfu_mon] op10_RMSNORM post-attn sfu_raddr=0x20030070 rdata=0x4800DBB8
 79588.50ns WARNING  cocotb_bridge                      [sfu_mon] op10_RMSNORM post-attn sfu_raddr=0x20030074 rdata=0x5AA05670
 79589.50ns WARNING  cocotb_bridge                      [sfu_mon] op10_RMSNORM post-attn sfu_raddr=0x20030074 rdata=0x5AA05670
 79590.50ns WARNING  cocotb_bridge                      [sfu_mon] op10_RMSNORM post-attn sfu_raddr=0x20030078 rdata=0x5AD8DBC0
 79591.50ns WARNING  cocotb_bridge                      [sfu_mon] op10_RMSNORM post-attn sfu_raddr=0x20030078 rdata=0x5AD8DBC0
 79592.50ns WARNING  cocotb_bridge                      [sfu_mon] op10_RMSNORM post-attn sfu_raddr=0x2003007C rdata=0xD93054D0
 79593.50ns WARNING  cocotb_bridge                      [sfu_mon] op10_RMSNORM post-attn sfu_raddr=0x2003007C rdata=0xD93054D0
 79594.50ns WARNING  cocotb_bridge                      [sfu_mon] op10_RMSNORM post-attn sfu_raddr=0x20030080 rdata=0xDE6857D0
 79595.50ns WARNING  cocotb_bridge                      [sfu_mon] op10_RMSNORM post-attn sfu_raddr=0x20030080 rdata=0xDE6857D0
 79596.50ns WARNING  cocotb_bridge                      [sfu_mon] op10_RMSNORM post-attn sfu_raddr=0x20030084 rdata=0x4F80D5A0
 79597.50ns WARNING  cocotb_bridge                      [sfu_mon] op10_RMSNORM post-attn sfu_raddr=0x20030084 rdata=0x4F80D5A0
 79598.50ns WARNING  cocotb_bridge                      [sfu_mon] op10_RMSNORM post-attn sfu_raddr=0x20030088 rdata=0x58F8D7A0
 79599.50ns WARNING  cocotb_bridge                      [sfu_mon] op10_RMSNORM post-attn sfu_raddr=0x20030088 rdata=0x58F8D7A0
 79600.50ns WARNING  cocotb_bridge                      [sfu_mon] op10_RMSNORM post-attn sfu_raddr=0x2003008C rdata=0x5B085EF0
 79601.50ns WARNING  cocotb_bridge                      [sfu_mon] op10_RMSNORM post-attn sfu_raddr=0x2003008C rdata=0x5B085EF0
 79602.50ns WARNING  cocotb_bridge                      [sfu_mon] op10_RMSNORM post-attn sfu_raddr=0x20030090 rdata=0xDBC8DC10
 79603.50ns WARNING  cocotb_bridge                      [sfu_mon] op10_RMSNORM post-attn sfu_raddr=0x20030090 rdata=0xDBC8DC10
 79604.50ns WARNING  cocotb_bridge                      [sfu_mon] op10_RMSNORM post-attn sfu_raddr=0x20030094 rdata=0xD3005880
 79605.50ns WARNING  cocotb_bridge                      [sfu_mon] op10_RMSNORM post-attn sfu_raddr=0x20030094 rdata=0xD3005880
 79606.50ns WARNING  cocotb_bridge                      [sfu_mon] op10_RMSNORM post-attn sfu_raddr=0x20030098 rdata=0x5D94DED4
 79607.50ns WARNING  cocotb_bridge                      [sfu_mon] op10_RMSNORM post-attn sfu_raddr=0x20030098 rdata=0x5D94DED4
 79608.50ns WARNING  cocotb_bridge                      [sfu_mon] op10_RMSNORM post-attn sfu_raddr=0x2003009C rdata=0xD2405D90
 79609.50ns WARNING  cocotb_bridge                      [sfu_mon] op10_RMSNORM post-attn sfu_raddr=0x2003009C rdata=0xD2405D90
 79610.50ns WARNING  cocotb_bridge                      [sfu_mon] op10_RMSNORM post-attn sfu_raddr=0x200300A0 rdata=0xE08A5B98
 79611.50ns WARNING  cocotb_bridge                      [sfu_mon] op10_RMSNORM post-attn sfu_raddr=0x200300A0 rdata=0xE08A5B98
 79612.50ns WARNING  cocotb_bridge                      [sfu_mon] op10_RMSNORM post-attn sfu_raddr=0x200300A4 rdata=0x592856E0
 79613.50ns WARNING  cocotb_bridge                      [sfu_mon] op10_RMSNORM post-attn sfu_raddr=0x200300A4 rdata=0x592856E0
 79614.50ns WARNING  cocotb_bridge                      [sfu_mon] op10_RMSNORM post-attn sfu_raddr=0x200300A8 rdata=0xC7005280
 79615.50ns WARNING  cocotb_bridge                      [sfu_mon] op10_RMSNORM post-attn AR addr=0x200300C0
 79615.50ns WARNING  cocotb_bridge                      [sfu_mon] op10_RMSNORM post-attn sfu_raddr=0x200300A8 rdata=0xC7005280
 79616.50ns WARNING  cocotb_bridge                      [sfu_mon] op10_RMSNORM post-attn sfu_raddr=0x200300AC rdata=0xD0804600
 79617.50ns WARNING  cocotb_bridge                      [sfu_mon] op10_RMSNORM post-attn R data=0x5540d938dd80dac0d56059c84a00dbd859e0dd4854c060665a60d7a05b60dbd0d99055b045005490ddf0da80dc60587054005000dce45d8c5d3cd560d998d670
 79617.50ns WARNING  cocotb_bridge                      [sfu_mon] op10_RMSNORM post-attn sfu_raddr=0x200300AC rdata=0xD0804600
 79618.50ns WARNING  cocotb_bridge                      [sfu_mon] op10_RMSNORM post-attn sfu_raddr=0x200300B0 rdata=0xCF005AA8
 79619.50ns WARNING  cocotb_bridge                      [sfu_mon] op10_RMSNORM post-attn sfu_raddr=0x200300B0 rdata=0xCF005AA8
 79620.50ns WARNING  cocotb_bridge                      [sfu_mon] op10_RMSNORM post-attn sfu_raddr=0x200300B4 rdata=0x5C4CD620
 79621.50ns WARNING  cocotb_bridge                      [sfu_mon] op10_RMSNORM post-attn sfu_raddr=0x200300B4 rdata=0x5C4CD620
 79622.50ns WARNING  cocotb_bridge                      [sfu_mon] op10_RMSNORM post-attn sfu_raddr=0x200300B8 rdata=0x52205E10
 79623.50ns WARNING  cocotb_bridge                      [sfu_mon] op10_RMSNORM post-attn sfu_raddr=0x200300B8 rdata=0x52205E10
 79624.50ns WARNING  cocotb_bridge                      [sfu_mon] op10_RMSNORM post-attn sfu_raddr=0x200300BC rdata=0xCEC05EB4
 79625.50ns WARNING  cocotb_bridge                      [sfu_mon] op10_RMSNORM post-attn sfu_raddr=0x200300BC rdata=0xCEC05EB4
 79626.50ns WARNING  cocotb_bridge                      [sfu_mon] op10_RMSNORM post-attn sfu_raddr=0x200300C0 rdata=0xD998D670
 79627.50ns WARNING  cocotb_bridge                      [sfu_mon] op10_RMSNORM post-attn sfu_raddr=0x200300C0 rdata=0xD998D670
 79628.50ns WARNING  cocotb_bridge                      [sfu_mon] op10_RMSNORM post-attn sfu_raddr=0x200300C4 rdata=0x5D3CD560
 79629.50ns WARNING  cocotb_bridge                      [sfu_mon] op10_RMSNORM post-attn sfu_raddr=0x200300C4 rdata=0x5D3CD560
 79630.50ns WARNING  cocotb_bridge                      [sfu_mon] op10_RMSNORM post-attn sfu_raddr=0x200300C8 rdata=0xDCE45D8C
 79631.50ns WARNING  cocotb_bridge                      [sfu_mon] op10_RMSNORM post-attn sfu_raddr=0x200300C8 rdata=0xDCE45D8C
 79632.50ns WARNING  cocotb_bridge                      [sfu_mon] op10_RMSNORM post-attn sfu_raddr=0x200300CC rdata=0x54005000
 79633.50ns WARNING  cocotb_bridge                      [sfu_mon] op10_RMSNORM post-attn sfu_raddr=0x200300CC rdata=0x54005000
 79634.50ns WARNING  cocotb_bridge                      [sfu_mon] op10_RMSNORM post-attn sfu_raddr=0x200300D0 rdata=0xDC605870
 79635.50ns WARNING  cocotb_bridge                      [sfu_mon] op10_RMSNORM post-attn sfu_raddr=0x200300D0 rdata=0xDC605870
 79636.50ns WARNING  cocotb_bridge                      [sfu_mon] op10_RMSNORM post-attn sfu_raddr=0x200300D4 rdata=0xDDF0DA80
 79637.50ns WARNING  cocotb_bridge                      [sfu_mon] op10_RMSNORM post-attn sfu_raddr=0x200300D4 rdata=0xDDF0DA80
 79638.50ns WARNING  cocotb_bridge                      [sfu_mon] op10_RMSNORM post-attn sfu_raddr=0x200300D8 rdata=0x45005490
 79639.50ns WARNING  cocotb_bridge                      [sfu_mon] op10_RMSNORM post-attn sfu_raddr=0x200300D8 rdata=0x45005490
 79640.50ns WARNING  cocotb_bridge                      [sfu_mon] op10_RMSNORM post-attn sfu_raddr=0x200300DC rdata=0xD99055B0
 79641.50ns WARNING  cocotb_bridge                      [sfu_mon] op10_RMSNORM post-attn sfu_raddr=0x200300DC rdata=0xD99055B0
 79642.50ns WARNING  cocotb_bridge                      [sfu_mon] op10_RMSNORM post-attn sfu_raddr=0x200300E0 rdata=0x5B60DBD0
 79643.50ns WARNING  cocotb_bridge                      [sfu_mon] op10_RMSNORM post-attn sfu_raddr=0x200300E0 rdata=0x5B60DBD0
 79644.50ns WARNING  cocotb_bridge                      [sfu_mon] op10_RMSNORM post-attn sfu_raddr=0x200300E4 rdata=0x5A60D7A0
 79645.50ns WARNING  cocotb_bridge                      [sfu_mon] op10_RMSNORM post-attn sfu_raddr=0x200300E4 rdata=0x5A60D7A0
 79646.50ns WARNING  cocotb_bridge                      [sfu_mon] op10_RMSNORM post-attn sfu_raddr=0x200300E8 rdata=0x54C06066
 79647.50ns WARNING  cocotb_bridge                      [sfu_mon] op10_RMSNORM post-attn AR addr=0x20030100
 79647.50ns WARNING  cocotb_bridge                      [sfu_mon] op10_RMSNORM post-attn sfu_raddr=0x200300E8 rdata=0x54C06066
 79648.50ns WARNING  cocotb_bridge                      [sfu_mon] op10_RMSNORM post-attn sfu_raddr=0x200300EC rdata=0x59E0DD48
 79649.50ns WARNING  cocotb_bridge                      [sfu_mon] op10_RMSNORM post-attn R data=0x5aa057305a50d860dae0d6a05ef0df80d958d420d910daa0dca44d805860dc20dcec5c205bd8c70050805e5854c0dde85828d1a05d6c54004f80d34053a05d5c
 79649.50ns WARNING  cocotb_bridge                      [sfu_mon] op10_RMSNORM post-attn sfu_raddr=0x200300EC rdata=0x59E0DD48
 79650.50ns WARNING  cocotb_bridge                      [sfu_mon] op10_RMSNORM post-attn sfu_raddr=0x200300F0 rdata=0x4A00DBD8
 79651.50ns WARNING  cocotb_bridge                      [sfu_mon] op10_RMSNORM post-attn sfu_raddr=0x200300F0 rdata=0x4A00DBD8
 79652.50ns WARNING  cocotb_bridge                      [sfu_mon] op10_RMSNORM post-attn sfu_raddr=0x200300F4 rdata=0xD56059C8
 79653.50ns WARNING  cocotb_bridge                      [sfu_mon] op10_RMSNORM post-attn sfu_raddr=0x200300F4 rdata=0xD56059C8
 79654.50ns WARNING  cocotb_bridge                      [sfu_mon] op10_RMSNORM post-attn sfu_raddr=0x200300F8 rdata=0xDD80DAC0
 79655.50ns WARNING  cocotb_bridge                      [sfu_mon] op10_RMSNORM post-attn sfu_raddr=0x200300F8 rdata=0xDD80DAC0
 79656.50ns WARNING  cocotb_bridge                      [sfu_mon] op10_RMSNORM post-attn sfu_raddr=0x200300FC rdata=0x5540D938
 79657.50ns WARNING  cocotb_bridge                      [sfu_mon] op10_RMSNORM post-attn sfu_raddr=0x200300FC rdata=0x5540D938
 79658.50ns WARNING  cocotb_bridge                      [sfu_mon] op10_RMSNORM post-attn sfu_raddr=0x20030100 rdata=0x53A05D5C
 79659.50ns WARNING  cocotb_bridge                      [sfu_mon] op10_RMSNORM post-attn sfu_raddr=0x20030100 rdata=0x53A05D5C
 79660.50ns WARNING  cocotb_bridge                      [sfu_mon] op10_RMSNORM post-attn sfu_raddr=0x20030104 rdata=0x4F80D340
 79661.50ns WARNING  cocotb_bridge                      [sfu_mon] op10_RMSNORM post-attn sfu_raddr=0x20030104 rdata=0x4F80D340
 79662.50ns WARNING  cocotb_bridge                      [sfu_mon] op10_RMSNORM post-attn sfu_raddr=0x20030108 rdata=0x5D6C5400
 79663.50ns WARNING  cocotb_bridge                      [sfu_mon] op10_RMSNORM post-attn sfu_raddr=0x20030108 rdata=0x5D6C5400
 79664.50ns WARNING  cocotb_bridge                      [sfu_mon] op10_RMSNORM post-attn sfu_raddr=0x2003010C rdata=0x5828D1A0
 79665.50ns WARNING  cocotb_bridge                      [sfu_mon] op10_RMSNORM post-attn sfu_raddr=0x2003010C rdata=0x5828D1A0
 79666.50ns WARNING  cocotb_bridge                      [sfu_mon] op10_RMSNORM post-attn sfu_raddr=0x20030110 rdata=0x54C0DDE8
 79667.50ns WARNING  cocotb_bridge                      [sfu_mon] op10_RMSNORM post-attn sfu_raddr=0x20030110 rdata=0x54C0DDE8
 79668.50ns WARNING  cocotb_bridge                      [sfu_mon] op10_RMSNORM post-attn sfu_raddr=0x20030114 rdata=0x50805E58
 79669.50ns WARNING  cocotb_bridge                      [sfu_mon] op10_RMSNORM post-attn sfu_raddr=0x20030114 rdata=0x50805E58
 79670.50ns WARNING  cocotb_bridge                      [sfu_mon] op10_RMSNORM post-attn sfu_raddr=0x20030118 rdata=0x5BD8C700
 79671.50ns WARNING  cocotb_bridge                      [sfu_mon] op10_RMSNORM post-attn sfu_raddr=0x20030118 rdata=0x5BD8C700
 79672.50ns WARNING  cocotb_bridge                      [sfu_mon] op10_RMSNORM post-attn sfu_raddr=0x2003011C rdata=0xDCEC5C20
 79673.50ns WARNING  cocotb_bridge                      [sfu_mon] op10_RMSNORM post-attn sfu_raddr=0x2003011C rdata=0xDCEC5C20
 79674.50ns WARNING  cocotb_bridge                      [sfu_mon] op10_RMSNORM post-attn sfu_raddr=0x20030120 rdata=0x5860DC20
 79675.50ns WARNING  cocotb_bridge                      [sfu_mon] op10_RMSNORM post-attn sfu_raddr=0x20030120 rdata=0x5860DC20
 79676.50ns WARNING  cocotb_bridge                      [sfu_mon] op10_RMSNORM post-attn sfu_raddr=0x20030124 rdata=0xDCA44D80
 79677.50ns WARNING  cocotb_bridge                      [sfu_mon] op10_RMSNORM post-attn sfu_raddr=0x20030124 rdata=0xDCA44D80
 79678.50ns WARNING  cocotb_bridge                      [sfu_mon] op10_RMSNORM post-attn sfu_raddr=0x20030128 rdata=0xD910DAA0
 79679.50ns WARNING  cocotb_bridge                      [sfu_mon] op10_RMSNORM post-attn AR addr=0x20030140
 79679.50ns WARNING  cocotb_bridge                      [sfu_mon] op10_RMSNORM post-attn sfu_raddr=0x20030128 rdata=0xD910DAA0
 79680.50ns WARNING  cocotb_bridge                      [sfu_mon] op10_RMSNORM post-attn sfu_raddr=0x2003012C rdata=0xD958D420
 79681.50ns WARNING  cocotb_bridge                      [sfu_mon] op10_RMSNORM post-attn R data=0x58205c3cddc8dde85410da68dc9ce03c58085bf85c9c5f48d7a0c90050c05b18d200cec0da385f8c59f859204dc05550d808d5104b005060bc004700d2e0cf40
 79681.50ns WARNING  cocotb_bridge                      [sfu_mon] op10_RMSNORM post-attn sfu_raddr=0x2003012C rdata=0xD958D420
 79682.50ns WARNING  cocotb_bridge                      [sfu_mon] op10_RMSNORM post-attn sfu_raddr=0x20030130 rdata=0x5EF0DF80
 79683.50ns WARNING  cocotb_bridge                      [sfu_mon] op10_RMSNORM post-attn sfu_raddr=0x20030130 rdata=0x5EF0DF80
 79684.50ns WARNING  cocotb_bridge                      [sfu_mon] op10_RMSNORM post-attn sfu_raddr=0x20030134 rdata=0xDAE0D6A0
 79685.50ns WARNING  cocotb_bridge                      [sfu_mon] op10_RMSNORM post-attn sfu_raddr=0x20030134 rdata=0xDAE0D6A0
 79686.50ns WARNING  cocotb_bridge                      [sfu_mon] op10_RMSNORM post-attn sfu_raddr=0x20030138 rdata=0x5A50D860
 79687.50ns WARNING  cocotb_bridge                      [sfu_mon] op10_RMSNORM post-attn sfu_raddr=0x20030138 rdata=0x5A50D860
 79688.50ns WARNING  cocotb_bridge                      [sfu_mon] op10_RMSNORM post-attn sfu_raddr=0x2003013C rdata=0x5AA05730
 79689.50ns WARNING  cocotb_bridge                      [sfu_mon] op10_RMSNORM post-attn sfu_raddr=0x2003013C rdata=0x5AA05730
 79690.50ns WARNING  cocotb_bridge                      [sfu_mon] op10_RMSNORM post-attn sfu_raddr=0x20030140 rdata=0xD2E0CF40
 79691.50ns WARNING  cocotb_bridge                      [sfu_mon] op10_RMSNORM post-attn sfu_raddr=0x20030140 rdata=0xD2E0CF40
 79692.50ns WARNING  cocotb_bridge                      [sfu_mon] op10_RMSNORM post-attn sfu_raddr=0x20030144 rdata=0xBC004700
 79693.50ns WARNING  cocotb_bridge                      [sfu_mon] op10_RMSNORM post-attn sfu_raddr=0x20030144 rdata=0xBC004700
 79694.50ns WARNING  cocotb_bridge                      [sfu_mon] op10_RMSNORM post-attn sfu_raddr=0x20030148 rdata=0x4B005060
 79695.50ns WARNING  cocotb_bridge                      [sfu_mon] op10_RMSNORM post-attn sfu_raddr=0x20030148 rdata=0x4B005060
 79696.50ns WARNING  cocotb_bridge                      [sfu_mon] op10_RMSNORM post-attn sfu_raddr=0x2003014C rdata=0xD808D510
 79697.50ns WARNING  cocotb_bridge                      [sfu_mon] op10_RMSNORM post-attn sfu_raddr=0x2003014C rdata=0xD808D510
 79698.50ns WARNING  cocotb_bridge                      [sfu_mon] op10_RMSNORM post-attn sfu_raddr=0x20030150 rdata=0x4DC05550
 79699.50ns WARNING  cocotb_bridge                      [sfu_mon] op10_RMSNORM post-attn sfu_raddr=0x20030150 rdata=0x4DC05550
 79700.50ns WARNING  cocotb_bridge                      [sfu_mon] op10_RMSNORM post-attn sfu_raddr=0x20030154 rdata=0x59F85920
 79701.50ns WARNING  cocotb_bridge                      [sfu_mon] op10_RMSNORM post-attn sfu_raddr=0x20030154 rdata=0x59F85920
 79702.50ns WARNING  cocotb_bridge                      [sfu_mon] op10_RMSNORM post-attn sfu_raddr=0x20030158 rdata=0xDA385F8C
 79703.50ns WARNING  cocotb_bridge                      [sfu_mon] op10_RMSNORM post-attn sfu_raddr=0x20030158 rdata=0xDA385F8C
 79704.50ns WARNING  cocotb_bridge                      [sfu_mon] op10_RMSNORM post-attn sfu_raddr=0x2003015C rdata=0xD200CEC0
 79705.50ns WARNING  cocotb_bridge                      [sfu_mon] op10_RMSNORM post-attn sfu_raddr=0x2003015C rdata=0xD200CEC0
 79706.50ns WARNING  cocotb_bridge                      [sfu_mon] op10_RMSNORM post-attn sfu_raddr=0x20030160 rdata=0x50C05B18
 79707.50ns WARNING  cocotb_bridge                      [sfu_mon] op10_RMSNORM post-attn sfu_raddr=0x20030160 rdata=0x50C05B18
 79708.50ns WARNING  cocotb_bridge                      [sfu_mon] op10_RMSNORM post-attn sfu_raddr=0x20030164 rdata=0xD7A0C900
 79709.50ns WARNING  cocotb_bridge                      [sfu_mon] op10_RMSNORM post-attn sfu_raddr=0x20030164 rdata=0xD7A0C900
 79710.50ns WARNING  cocotb_bridge                      [sfu_mon] op10_RMSNORM post-attn sfu_raddr=0x20030168 rdata=0x5C9C5F48
 79711.50ns WARNING  cocotb_bridge                      [sfu_mon] op10_RMSNORM post-attn AR addr=0x20030180
 79711.50ns WARNING  cocotb_bridge                      [sfu_mon] op10_RMSNORM post-attn sfu_raddr=0x20030168 rdata=0x5C9C5F48
 79712.50ns WARNING  cocotb_bridge                      [sfu_mon] op10_RMSNORM post-attn sfu_raddr=0x2003016C rdata=0x58085BF8
 79713.50ns WARNING  cocotb_bridge                      [sfu_mon] op10_RMSNORM post-attn R data=0xd5d0d020dc44dcac4500dfb0dc60dbf042005ea45bb85f60d6f0ce4060044e004ec05eb45660591860cedcbc58e853605a60d7c061aed7406010d6f0d9104a80
 79713.50ns WARNING  cocotb_bridge                      [sfu_mon] op10_RMSNORM post-attn sfu_raddr=0x2003016C rdata=0x58085BF8
 79714.50ns WARNING  cocotb_bridge                      [sfu_mon] op10_RMSNORM post-attn sfu_raddr=0x20030170 rdata=0xDC9CE03C
 79715.50ns WARNING  cocotb_bridge                      [sfu_mon] op10_RMSNORM post-attn sfu_raddr=0x20030170 rdata=0xDC9CE03C
 79716.50ns WARNING  cocotb_bridge                      [sfu_mon] op10_RMSNORM post-attn sfu_raddr=0x20030174 rdata=0x5410DA68
 79717.50ns WARNING  cocotb_bridge                      [sfu_mon] op10_RMSNORM post-attn sfu_raddr=0x20030174 rdata=0x5410DA68
 79718.50ns WARNING  cocotb_bridge                      [sfu_mon] op10_RMSNORM post-attn sfu_raddr=0x20030178 rdata=0xDDC8DDE8
 79719.50ns WARNING  cocotb_bridge                      [sfu_mon] op10_RMSNORM post-attn sfu_raddr=0x20030178 rdata=0xDDC8DDE8
 79720.50ns WARNING  cocotb_bridge                      [sfu_mon] op10_RMSNORM post-attn sfu_raddr=0x2003017C rdata=0x58205C3C
 79721.50ns WARNING  cocotb_bridge                      [sfu_mon] op10_RMSNORM post-attn sfu_raddr=0x2003017C rdata=0x58205C3C
 79722.50ns WARNING  cocotb_bridge                      [sfu_mon] op10_RMSNORM post-attn sfu_raddr=0x20030180 rdata=0xD9104A80
 79723.50ns WARNING  cocotb_bridge                      [sfu_mon] op10_RMSNORM post-attn sfu_raddr=0x20030180 rdata=0xD9104A80
 79724.50ns WARNING  cocotb_bridge                      [sfu_mon] op10_RMSNORM post-attn sfu_raddr=0x20030184 rdata=0x6010D6F0
 79725.50ns WARNING  cocotb_bridge                      [sfu_mon] op10_RMSNORM post-attn sfu_raddr=0x20030184 rdata=0x6010D6F0
 79726.50ns WARNING  cocotb_bridge                      [sfu_mon] op10_RMSNORM post-attn sfu_raddr=0x20030188 rdata=0x61AED740
 79727.50ns WARNING  cocotb_bridge                      [sfu_mon] op10_RMSNORM post-attn sfu_raddr=0x20030188 rdata=0x61AED740
 79728.50ns WARNING  cocotb_bridge                      [sfu_mon] op10_RMSNORM post-attn sfu_raddr=0x2003018C rdata=0x5A60D7C0
 79729.50ns WARNING  cocotb_bridge                      [sfu_mon] op10_RMSNORM post-attn sfu_raddr=0x2003018C rdata=0x5A60D7C0
 79730.50ns WARNING  cocotb_bridge                      [sfu_mon] op10_RMSNORM post-attn sfu_raddr=0x20030190 rdata=0x58E85360
 79731.50ns WARNING  cocotb_bridge                      [sfu_mon] op10_RMSNORM post-attn sfu_raddr=0x20030190 rdata=0x58E85360
 79732.50ns WARNING  cocotb_bridge                      [sfu_mon] op10_RMSNORM post-attn sfu_raddr=0x20030194 rdata=0x60CEDCBC
 79733.50ns WARNING  cocotb_bridge                      [sfu_mon] op10_RMSNORM post-attn sfu_raddr=0x20030194 rdata=0x60CEDCBC
 79734.50ns WARNING  cocotb_bridge                      [sfu_mon] op10_RMSNORM post-attn sfu_raddr=0x20030198 rdata=0x56605918
 79735.50ns WARNING  cocotb_bridge                      [sfu_mon] op10_RMSNORM post-attn sfu_raddr=0x20030198 rdata=0x56605918
 79736.50ns WARNING  cocotb_bridge                      [sfu_mon] op10_RMSNORM post-attn sfu_raddr=0x2003019C rdata=0x4EC05EB4
 79737.50ns WARNING  cocotb_bridge                      [sfu_mon] op10_RMSNORM post-attn sfu_raddr=0x2003019C rdata=0x4EC05EB4
 79738.50ns WARNING  cocotb_bridge                      [sfu_mon] op10_RMSNORM post-attn sfu_raddr=0x200301A0 rdata=0x60044E00
 79739.50ns WARNING  cocotb_bridge                      [sfu_mon] op10_RMSNORM post-attn sfu_raddr=0x200301A0 rdata=0x60044E00
 79740.50ns WARNING  cocotb_bridge                      [sfu_mon] op10_RMSNORM post-attn sfu_raddr=0x200301A4 rdata=0xD6F0CE40
 79741.50ns WARNING  cocotb_bridge                      [sfu_mon] op10_RMSNORM post-attn sfu_raddr=0x200301A4 rdata=0xD6F0CE40
 79742.50ns WARNING  cocotb_bridge                      [sfu_mon] op10_RMSNORM post-attn sfu_raddr=0x200301A8 rdata=0x5BB85F60
 79743.50ns WARNING  cocotb_bridge                      [sfu_mon] op10_RMSNORM post-attn AR addr=0x200301C0
 79743.50ns WARNING  cocotb_bridge                      [sfu_mon] op10_RMSNORM post-attn sfu_raddr=0x200301A8 rdata=0x5BB85F60
 79744.50ns WARNING  cocotb_bridge                      [sfu_mon] op10_RMSNORM post-attn sfu_raddr=0x200301AC rdata=0x42005EA4
 79745.50ns WARNING  cocotb_bridge                      [sfu_mon] op10_RMSNORM post-attn R data=0x5c9c5ac8d200d550db68d9d059785a20c5005928574058a0d16052e0d850c880552050a059085b60dc20dcc4ccc05c1cdc8c5ce85470de105cc84cc05fe05e0c
 79745.50ns WARNING  cocotb_bridge                      [sfu_mon] op10_RMSNORM post-attn sfu_raddr=0x200301AC rdata=0x42005EA4
 79746.50ns WARNING  cocotb_bridge                      [sfu_mon] op10_RMSNORM post-attn sfu_raddr=0x200301B0 rdata=0xDC60DBF0
 79747.50ns WARNING  cocotb_bridge                      [sfu_mon] op10_RMSNORM post-attn sfu_raddr=0x200301B0 rdata=0xDC60DBF0
 79748.50ns WARNING  cocotb_bridge                      [sfu_mon] op10_RMSNORM post-attn sfu_raddr=0x200301B4 rdata=0x4500DFB0
 79749.50ns WARNING  cocotb_bridge                      [sfu_mon] op10_RMSNORM post-attn sfu_raddr=0x200301B4 rdata=0x4500DFB0
 79750.50ns WARNING  cocotb_bridge                      [sfu_mon] op10_RMSNORM post-attn sfu_raddr=0x200301B8 rdata=0xDC44DCAC
 79751.50ns WARNING  cocotb_bridge                      [sfu_mon] op10_RMSNORM post-attn sfu_raddr=0x200301B8 rdata=0xDC44DCAC
 79752.50ns WARNING  cocotb_bridge                      [sfu_mon] op10_RMSNORM post-attn sfu_raddr=0x200301BC rdata=0xD5D0D020
 79753.50ns WARNING  cocotb_bridge                      [sfu_mon] op10_RMSNORM post-attn sfu_raddr=0x200301BC rdata=0xD5D0D020
 79754.50ns WARNING  cocotb_bridge                      [sfu_mon] op10_RMSNORM post-attn sfu_raddr=0x200301C0 rdata=0x5FE05E0C
 79755.50ns WARNING  cocotb_bridge                      [sfu_mon] op10_RMSNORM post-attn sfu_raddr=0x200301C0 rdata=0x5FE05E0C
 79756.50ns WARNING  cocotb_bridge                      [sfu_mon] op10_RMSNORM post-attn sfu_raddr=0x200301C4 rdata=0x5CC84CC0
 79757.50ns WARNING  cocotb_bridge                      [sfu_mon] op10_RMSNORM post-attn sfu_raddr=0x200301C4 rdata=0x5CC84CC0
 79758.50ns WARNING  cocotb_bridge                      [sfu_mon] op10_RMSNORM post-attn sfu_raddr=0x200301C8 rdata=0x5470DE10
 79759.50ns WARNING  cocotb_bridge                      [sfu_mon] op10_RMSNORM post-attn sfu_raddr=0x200301C8 rdata=0x5470DE10
 79760.50ns WARNING  cocotb_bridge                      [sfu_mon] op10_RMSNORM post-attn sfu_raddr=0x200301CC rdata=0xDC8C5CE8
 79761.50ns WARNING  cocotb_bridge                      [sfu_mon] op10_RMSNORM post-attn sfu_raddr=0x200301CC rdata=0xDC8C5CE8
 79762.50ns WARNING  cocotb_bridge                      [sfu_mon] op10_RMSNORM post-attn sfu_raddr=0x200301D0 rdata=0xCCC05C1C
 79763.50ns WARNING  cocotb_bridge                      [sfu_mon] op10_RMSNORM post-attn sfu_raddr=0x200301D0 rdata=0xCCC05C1C
 79764.50ns WARNING  cocotb_bridge                      [sfu_mon] op10_RMSNORM post-attn sfu_raddr=0x200301D4 rdata=0xDC20DCC4
 79765.50ns WARNING  cocotb_bridge                      [sfu_mon] op10_RMSNORM post-attn sfu_raddr=0x200301D4 rdata=0xDC20DCC4
 79766.50ns WARNING  cocotb_bridge                      [sfu_mon] op10_RMSNORM post-attn sfu_raddr=0x200301D8 rdata=0x59085B60
 79767.50ns WARNING  cocotb_bridge                      [sfu_mon] op10_RMSNORM post-attn sfu_raddr=0x200301D8 rdata=0x59085B60
 79768.50ns WARNING  cocotb_bridge                      [sfu_mon] op10_RMSNORM post-attn sfu_raddr=0x200301DC rdata=0x552050A0
 79769.50ns WARNING  cocotb_bridge                      [sfu_mon] op10_RMSNORM post-attn sfu_raddr=0x200301DC rdata=0x552050A0
 79770.50ns WARNING  cocotb_bridge                      [sfu_mon] op10_RMSNORM post-attn sfu_raddr=0x200301E0 rdata=0xD850C880
 79771.50ns WARNING  cocotb_bridge                      [sfu_mon] op10_RMSNORM post-attn sfu_raddr=0x200301E0 rdata=0xD850C880
 79772.50ns WARNING  cocotb_bridge                      [sfu_mon] op10_RMSNORM post-attn sfu_raddr=0x200301E4 rdata=0xD16052E0
 79773.50ns WARNING  cocotb_bridge                      [sfu_mon] op10_RMSNORM post-attn sfu_raddr=0x200301E4 rdata=0xD16052E0
 79774.50ns WARNING  cocotb_bridge                      [sfu_mon] op10_RMSNORM post-attn sfu_raddr=0x200301E8 rdata=0x574058A0
 79775.50ns WARNING  cocotb_bridge                      [sfu_mon] op10_RMSNORM post-attn AR addr=0x20030200
 79775.50ns WARNING  cocotb_bridge                      [sfu_mon] op10_RMSNORM post-attn sfu_raddr=0x200301E8 rdata=0x574058A0
 79776.50ns WARNING  cocotb_bridge                      [sfu_mon] op10_RMSNORM post-attn sfu_raddr=0x200301EC rdata=0xC5005928
 79777.50ns WARNING  cocotb_bridge                      [sfu_mon] op10_RMSNORM post-attn R data=0x50005d0056b054a05430600adc04d0005a905740dd185510d700da60d5c0d4f0520050605d60d5305900dad8dad85c30d5405c245b68de94de28d84858c05cd0
 79777.50ns WARNING  cocotb_bridge                      [sfu_mon] op10_RMSNORM post-attn sfu_raddr=0x200301EC rdata=0xC5005928
 79778.50ns WARNING  cocotb_bridge                      [sfu_mon] op10_RMSNORM post-attn sfu_raddr=0x200301F0 rdata=0x59785A20
 79779.50ns WARNING  cocotb_bridge                      [sfu_mon] op10_RMSNORM post-attn sfu_raddr=0x200301F0 rdata=0x59785A20
 79780.50ns WARNING  cocotb_bridge                      [sfu_mon] op10_RMSNORM post-attn sfu_raddr=0x200301F4 rdata=0xDB68D9D0
 79781.50ns WARNING  cocotb_bridge                      [sfu_mon] op10_RMSNORM post-attn sfu_raddr=0x200301F4 rdata=0xDB68D9D0
 79782.50ns WARNING  cocotb_bridge                      [sfu_mon] op10_RMSNORM post-attn sfu_raddr=0x200301F8 rdata=0xD200D550
 79783.50ns WARNING  cocotb_bridge                      [sfu_mon] op10_RMSNORM post-attn sfu_raddr=0x200301F8 rdata=0xD200D550
 79784.50ns WARNING  cocotb_bridge                      [sfu_mon] op10_RMSNORM post-attn sfu_raddr=0x200301FC rdata=0x5C9C5AC8
 79785.50ns WARNING  cocotb_bridge                      [sfu_mon] op10_RMSNORM post-attn sfu_raddr=0x200301FC rdata=0x5C9C5AC8
 79786.50ns WARNING  cocotb_bridge                      [sfu_mon] op10_RMSNORM post-attn sfu_raddr=0x20030200 rdata=0x58C05CD0
 79787.50ns WARNING  cocotb_bridge                      [sfu_mon] op10_RMSNORM post-attn sfu_raddr=0x20030200 rdata=0x58C05CD0
 79788.50ns WARNING  cocotb_bridge                      [sfu_mon] op10_RMSNORM post-attn sfu_raddr=0x20030204 rdata=0xDE28D848
 79789.50ns WARNING  cocotb_bridge                      [sfu_mon] op10_RMSNORM post-attn sfu_raddr=0x20030204 rdata=0xDE28D848
 79790.50ns WARNING  cocotb_bridge                      [sfu_mon] op10_RMSNORM post-attn sfu_raddr=0x20030208 rdata=0x5B68DE94
 79791.50ns WARNING  cocotb_bridge                      [sfu_mon] op10_RMSNORM post-attn sfu_raddr=0x20030208 rdata=0x5B68DE94
 79792.50ns WARNING  cocotb_bridge                      [sfu_mon] op10_RMSNORM post-attn sfu_raddr=0x2003020C rdata=0xD5405C24
 79793.50ns WARNING  cocotb_bridge                      [sfu_mon] op10_RMSNORM post-attn sfu_raddr=0x2003020C rdata=0xD5405C24
 79794.50ns WARNING  cocotb_bridge                      [sfu_mon] op10_RMSNORM post-attn sfu_raddr=0x20030210 rdata=0xDAD85C30
 79795.50ns WARNING  cocotb_bridge                      [sfu_mon] op10_RMSNORM post-attn sfu_raddr=0x20030210 rdata=0xDAD85C30
 79796.50ns WARNING  cocotb_bridge                      [sfu_mon] op10_RMSNORM post-attn sfu_raddr=0x20030214 rdata=0x5900DAD8
 79797.50ns WARNING  cocotb_bridge                      [sfu_mon] op10_RMSNORM post-attn sfu_raddr=0x20030214 rdata=0x5900DAD8
 79798.50ns WARNING  cocotb_bridge                      [sfu_mon] op10_RMSNORM post-attn sfu_raddr=0x20030218 rdata=0x5D60D530
 79799.50ns WARNING  cocotb_bridge                      [sfu_mon] op10_RMSNORM post-attn sfu_raddr=0x20030218 rdata=0x5D60D530
 79800.50ns WARNING  cocotb_bridge                      [sfu_mon] op10_RMSNORM post-attn sfu_raddr=0x2003021C rdata=0x52005060
 79801.50ns WARNING  cocotb_bridge                      [sfu_mon] op10_RMSNORM post-attn sfu_raddr=0x2003021C rdata=0x52005060
 79802.50ns WARNING  cocotb_bridge                      [sfu_mon] op10_RMSNORM post-attn sfu_raddr=0x20030220 rdata=0xD5C0D4F0
 79803.50ns WARNING  cocotb_bridge                      [sfu_mon] op10_RMSNORM post-attn sfu_raddr=0x20030220 rdata=0xD5C0D4F0
 79804.50ns WARNING  cocotb_bridge                      [sfu_mon] op10_RMSNORM post-attn sfu_raddr=0x20030224 rdata=0xD700DA60
 79805.50ns WARNING  cocotb_bridge                      [sfu_mon] op10_RMSNORM post-attn sfu_raddr=0x20030224 rdata=0xD700DA60
 79806.50ns WARNING  cocotb_bridge                      [sfu_mon] op10_RMSNORM post-attn sfu_raddr=0x20030228 rdata=0xDD185510
 79807.50ns WARNING  cocotb_bridge                      [sfu_mon] op10_RMSNORM post-attn AR addr=0x20030240
 79807.50ns WARNING  cocotb_bridge                      [sfu_mon] op10_RMSNORM post-attn sfu_raddr=0x20030228 rdata=0xDD185510
 79808.50ns WARNING  cocotb_bridge                      [sfu_mon] op10_RMSNORM post-attn sfu_raddr=0x2003022C rdata=0x5A905740
 79809.50ns WARNING  cocotb_bridge                      [sfu_mon] op10_RMSNORM post-attn R data=0xd4f059d860425bb85e20d56052405700da3855805a08d870d0a04500dc04da20dc40df00d95857605ab0d420cfc05970dc6458305d6cdad05720ce80d9a85ef0
 79809.50ns WARNING  cocotb_bridge                      [sfu_mon] op10_RMSNORM post-attn sfu_raddr=0x2003022C rdata=0x5A905740
 79810.50ns WARNING  cocotb_bridge                      [sfu_mon] op10_RMSNORM post-attn sfu_raddr=0x20030230 rdata=0xDC04D000
 79811.50ns WARNING  cocotb_bridge                      [sfu_mon] op10_RMSNORM post-attn sfu_raddr=0x20030230 rdata=0xDC04D000
 79812.50ns WARNING  cocotb_bridge                      [sfu_mon] op10_RMSNORM post-attn sfu_raddr=0x20030234 rdata=0x5430600A
 79813.50ns WARNING  cocotb_bridge                      [sfu_mon] op10_RMSNORM post-attn sfu_raddr=0x20030234 rdata=0x5430600A
 79814.50ns WARNING  cocotb_bridge                      [sfu_mon] op10_RMSNORM post-attn sfu_raddr=0x20030238 rdata=0x56B054A0
 79815.50ns WARNING  cocotb_bridge                      [sfu_mon] op10_RMSNORM post-attn sfu_raddr=0x20030238 rdata=0x56B054A0
 79816.50ns WARNING  cocotb_bridge                      [sfu_mon] op10_RMSNORM post-attn sfu_raddr=0x2003023C rdata=0x50005D00
 79817.50ns WARNING  cocotb_bridge                      [sfu_mon] op10_RMSNORM post-attn sfu_raddr=0x2003023C rdata=0x50005D00
 79818.50ns WARNING  cocotb_bridge                      [sfu_mon] op10_RMSNORM post-attn sfu_raddr=0x20030240 rdata=0xD9A85EF0
 79819.50ns WARNING  cocotb_bridge                      [sfu_mon] op10_RMSNORM post-attn sfu_raddr=0x20030240 rdata=0xD9A85EF0
 79820.50ns WARNING  cocotb_bridge                      [sfu_mon] op10_RMSNORM post-attn sfu_raddr=0x20030244 rdata=0x5720CE80
 79821.50ns WARNING  cocotb_bridge                      [sfu_mon] op10_RMSNORM post-attn sfu_raddr=0x20030244 rdata=0x5720CE80
 79822.50ns WARNING  cocotb_bridge                      [sfu_mon] op10_RMSNORM post-attn sfu_raddr=0x20030248 rdata=0x5D6CDAD0
 79823.50ns WARNING  cocotb_bridge                      [sfu_mon] op10_RMSNORM post-attn sfu_raddr=0x20030248 rdata=0x5D6CDAD0
 79824.50ns WARNING  cocotb_bridge                      [sfu_mon] op10_RMSNORM post-attn sfu_raddr=0x2003024C rdata=0xDC645830
 79825.50ns WARNING  cocotb_bridge                      [sfu_mon] op10_RMSNORM post-attn sfu_raddr=0x2003024C rdata=0xDC645830
 79826.50ns WARNING  cocotb_bridge                      [sfu_mon] op10_RMSNORM post-attn sfu_raddr=0x20030250 rdata=0xCFC05970
 79827.50ns WARNING  cocotb_bridge                      [sfu_mon] op10_RMSNORM post-attn sfu_raddr=0x20030250 rdata=0xCFC05970
 79828.50ns WARNING  cocotb_bridge                      [sfu_mon] op10_RMSNORM post-attn sfu_raddr=0x20030254 rdata=0x5AB0D420
 79829.50ns WARNING  cocotb_bridge                      [sfu_mon] op10_RMSNORM post-attn sfu_raddr=0x20030254 rdata=0x5AB0D420
 79830.50ns WARNING  cocotb_bridge                      [sfu_mon] op10_RMSNORM post-attn sfu_raddr=0x20030258 rdata=0xD9585760
 79831.50ns WARNING  cocotb_bridge                      [sfu_mon] op10_RMSNORM post-attn sfu_raddr=0x20030258 rdata=0xD9585760
 79832.50ns WARNING  cocotb_bridge                      [sfu_mon] op10_RMSNORM post-attn sfu_raddr=0x2003025C rdata=0xDC40DF00
 79833.50ns WARNING  cocotb_bridge                      [sfu_mon] op10_RMSNORM post-attn sfu_raddr=0x2003025C rdata=0xDC40DF00
 79834.50ns WARNING  cocotb_bridge                      [sfu_mon] op10_RMSNORM post-attn sfu_raddr=0x20030260 rdata=0xDC04DA20
 79835.50ns WARNING  cocotb_bridge                      [sfu_mon] op10_RMSNORM post-attn sfu_raddr=0x20030260 rdata=0xDC04DA20
 79836.50ns WARNING  cocotb_bridge                      [sfu_mon] op10_RMSNORM post-attn sfu_raddr=0x20030264 rdata=0xD0A04500
 79837.50ns WARNING  cocotb_bridge                      [sfu_mon] op10_RMSNORM post-attn sfu_raddr=0x20030264 rdata=0xD0A04500
 79838.50ns WARNING  cocotb_bridge                      [sfu_mon] op10_RMSNORM post-attn sfu_raddr=0x20030268 rdata=0x5A08D870
 79839.50ns WARNING  cocotb_bridge                      [sfu_mon] op10_RMSNORM post-attn AR addr=0x20030280
 79839.50ns WARNING  cocotb_bridge                      [sfu_mon] op10_RMSNORM post-attn sfu_raddr=0x20030268 rdata=0x5A08D870
 79840.50ns WARNING  cocotb_bridge                      [sfu_mon] op10_RMSNORM post-attn sfu_raddr=0x2003026C rdata=0xDA385580
 79841.50ns WARNING  cocotb_bridge                      [sfu_mon] op10_RMSNORM post-attn R data=0x4c005d6cd43056f0d3c04dc0dda04a0050c059005c8460025d3459c8d8385c5c5040dd005220dab05fccdce0d96858804b00d5704cc05c205ac8e20ed998dd48
 79841.50ns WARNING  cocotb_bridge                      [sfu_mon] op10_RMSNORM post-attn sfu_raddr=0x2003026C rdata=0xDA385580
100534.50ns WARNING  cocotb_bridge                      [BLK0] op 11: weight 12451840 B exceeds 64 KB weight buffer; applying single-tile workaround
100662.50ns WARNING  cocotb_bridge                      [diag] op11_gate MMUL: input SRAM at 0x20010000 = 00000000000000000000000000000000
[MXU_FSM] state=1 busy=0 done=0 error=0 t=100804000
[MXU_FSM] state=2 busy=0 done=0 error=0 t=100805000
[MXU_FSM] state=3 busy=0 done=0 error=1 t=100806000
[MXU_FSM] state=4 busy=0 done=0 error=0 t=100807000
[MXU_FSM] state=5 busy=1 done=0 error=0 t=100874000
[MXU_FSM] state=6 busy=0 done=1 error=0 t=100876000
[MXU_FSM] state=0 busy=0 done=0 error=0 t=100877000
101342.50ns WARNING  cocotb_bridge                      [BLK0] op 12: weight 12451840 B exceeds 64 KB weight buffer; applying single-tile workaround
101470.50ns WARNING  cocotb_bridge                      [diag] op12_up MMUL: input SRAM at 0x20010000 = 00000000000000000000000000000000
[MXU_FSM] state=1 busy=0 done=0 error=0 t=101612000
[MXU_FSM] state=2 busy=0 done=0 error=0 t=101613000
[MXU_FSM] state=3 busy=0 done=0 error=1 t=101614000
[MXU_FSM] state=4 busy=0 done=0 error=0 t=101615000
[MXU_FSM] state=5 busy=1 done=0 error=0 t=101682000
[MXU_FSM] state=6 busy=0 done=1 error=0 t=101684000
[MXU_FSM] state=0 busy=0 done=0 error=0 t=101685000
103110.50ns WARNING  cocotb_bridge                      [diag] op13_SILU: input/output overlap detected (0x20030000-0x20034C00 vs 0x20032000-0x20036C00); copying input to 0x20040000
104326.50ns WARNING  cocotb_bridge                      [diag] op13_SILU: input SRAM at 0x20040000 = d8deace2205c2ae0b0d9a8deacdc10da
104346.50ns WARNING  cocotb_bridge                      [sfu_mon] op13_SILU sfu_raddr=0x20040000 rdata=0xE2ACDED8
104347.50ns WARNING  cocotb_bridge                      [sfu_mon] op13_SILU sfu_raddr=0x20040004 rdata=0xE02A5C20
104348.50ns WARNING  cocotb_bridge                      [sfu_mon] op13_SILU sfu_raddr=0x20040004 rdata=0xE02A5C20
104349.50ns WARNING  cocotb_bridge                      [sfu_mon] op13_SILU sfu_raddr=0x20040008 rdata=0xDEA8D9B0
104350.50ns WARNING  cocotb_bridge                      [sfu_mon] op13_SILU sfu_raddr=0x20040008 rdata=0xDEA8D9B0
104351.50ns WARNING  cocotb_bridge                      [sfu_mon] op13_SILU sfu_raddr=0x2004000C rdata=0xDA10DCAC
104352.50ns WARNING  cocotb_bridge                      [sfu_mon] op13_SILU sfu_raddr=0x2004000C rdata=0xDA10DCAC
104353.50ns WARNING  cocotb_bridge                      [sfu_mon] op13_SILU sfu_raddr=0x20040010 rdata=0xDCF45B30
104354.50ns WARNING  cocotb_bridge                      [sfu_mon] op13_SILU sfu_raddr=0x20040010 rdata=0xDCF45B30
104355.50ns WARNING  cocotb_bridge                      [sfu_mon] op13_SILU sfu_raddr=0x20040014 rdata=0xDF78DECC
104355.50ns WARNING  cocotb_bridge                      [sfu_mon] op13_SILU sfu_waddr=0x20032000 wdata=0x00000000
104356.50ns WARNING  cocotb_bridge                      [sfu_mon] op13_SILU sfu_raddr=0x20040014 rdata=0xDF78DECC
104357.50ns WARNING  cocotb_bridge                      [sfu_mon] op13_SILU sfu_raddr=0x20040018 rdata=0xD750DD40
104357.50ns WARNING  cocotb_bridge                      [sfu_mon] op13_SILU sfu_waddr=0x20032004 wdata=0x00005C20
104358.50ns WARNING  cocotb_bridge                      [sfu_mon] op13_SILU sfu_raddr=0x20040018 rdata=0xD750DD40
104359.50ns WARNING  cocotb_bridge                      [sfu_mon] op13_SILU sfu_raddr=0x2004001C rdata=0xD970DD74
104359.50ns WARNING  cocotb_bridge                      [sfu_mon] op13_SILU sfu_waddr=0x20032008 wdata=0x00000000
104360.50ns WARNING  cocotb_bridge                      [sfu_mon] op13_SILU sfu_raddr=0x2004001C rdata=0xD970DD74
104361.50ns WARNING  cocotb_bridge                      [sfu_mon] op13_SILU sfu_raddr=0x20040020 rdata=0xDDA8CD40
104361.50ns WARNING  cocotb_bridge                      [sfu_mon] op13_SILU sfu_waddr=0x2003200C wdata=0x00000000
104362.50ns WARNING  cocotb_bridge                      [sfu_mon] op13_SILU sfu_raddr=0x20040020 rdata=0xDDA8CD40
104363.50ns WARNING  cocotb_bridge                      [sfu_mon] op13_SILU sfu_raddr=0x20040024 rdata=0xD94855E0
104363.50ns WARNING  cocotb_bridge                      [sfu_mon] op13_SILU sfu_waddr=0x20032010 wdata=0x00005B30
104364.50ns WARNING  cocotb_bridge                      [sfu_mon] op13_SILU sfu_raddr=0x20040024 rdata=0xD94855E0
104365.50ns WARNING  cocotb_bridge                      [sfu_mon] op13_SILU sfu_raddr=0x20040028 rdata=0xDEBCD8E8
104365.50ns WARNING  cocotb_bridge                      [sfu_mon] op13_SILU sfu_waddr=0x20032014 wdata=0x00000000
104366.50ns WARNING  cocotb_bridge                      [sfu_mon] op13_SILU AR addr=0x20040040
104366.50ns WARNING  cocotb_bridge                      [sfu_mon] op13_SILU sfu_raddr=0x20040028 rdata=0xDEBCD8E8
104367.50ns WARNING  cocotb_bridge                      [sfu_mon] op13_SILU sfu_raddr=0x2004002C rdata=0xD8A8DECC
104367.50ns WARNING  cocotb_bridge                      [sfu_mon] op13_SILU sfu_waddr=0x20032018 wdata=0x00000000
104368.50ns WARNING  cocotb_bridge                      [sfu_mon] op13_SILU R data=0xd8005a40db985160d958db40dc80e0024980c700dd90dec4d060dee85220d5f0e084d8005a78d280daf0dcccd8d0db08e000dc30dd184000da20d5105500e03c
104368.50ns WARNING  cocotb_bridge                      [sfu_mon] op13_SILU sfu_raddr=0x2004002C rdata=0xD8A8DECC
104369.50ns WARNING  cocotb_bridge                      [sfu_mon] op13_SILU sfu_raddr=0x20040030 rdata=0xDAB0E06C
104369.50ns WARNING  cocotb_bridge                      [sfu_mon] op13_SILU sfu_waddr=0x2003201C wdata=0x00000000
104370.50ns WARNING  cocotb_bridge                      [sfu_mon] op13_SILU sfu_raddr=0x20040030 rdata=0xDAB0E06C
104371.50ns WARNING  cocotb_bridge                      [sfu_mon] op13_SILU sfu_raddr=0x20040034 rdata=0xE128DDD8
104371.50ns WARNING  cocotb_bridge                      [sfu_mon] op13_SILU sfu_waddr=0x20032020 wdata=0x00000000
104372.50ns WARNING  cocotb_bridge                      [sfu_mon] op13_SILU sfu_raddr=0x20040034 rdata=0xE128DDD8
104373.50ns WARNING  cocotb_bridge                      [sfu_mon] op13_SILU sfu_raddr=0x20040038 rdata=0xDC70DC0C
104373.50ns WARNING  cocotb_bridge                      [sfu_mon] op13_SILU sfu_waddr=0x20032024 wdata=0x000055E0
104374.50ns WARNING  cocotb_bridge                      [sfu_mon] op13_SILU sfu_raddr=0x20040038 rdata=0xDC70DC0C
104375.50ns WARNING  cocotb_bridge                      [sfu_mon] op13_SILU sfu_raddr=0x2004003C rdata=0xDEA0DC98
104375.50ns WARNING  cocotb_bridge                      [sfu_mon] op13_SILU sfu_waddr=0x20032028 wdata=0x00000000
104376.50ns WARNING  cocotb_bridge                      [sfu_mon] op13_SILU sfu_raddr=0x2004003C rdata=0xDEA0DC98
104377.50ns WARNING  cocotb_bridge                      [sfu_mon] op13_SILU sfu_raddr=0x20040040 rdata=0x5500E03C
104377.50ns WARNING  cocotb_bridge                      [sfu_mon] op13_SILU sfu_waddr=0x2003202C wdata=0x00000000
104378.50ns WARNING  cocotb_bridge                      [sfu_mon] op13_SILU sfu_raddr=0x20040040 rdata=0x5500E03C
104379.50ns WARNING  cocotb_bridge                      [sfu_mon] op13_SILU sfu_raddr=0x20040044 rdata=0xDA20D510
104379.50ns WARNING  cocotb_bridge                      [sfu_mon] op13_SILU sfu_waddr=0x20032030 wdata=0x00000000
104380.50ns WARNING  cocotb_bridge                      [sfu_mon] op13_SILU sfu_raddr=0x20040044 rdata=0xDA20D510
104381.50ns WARNING  cocotb_bridge                      [sfu_mon] op13_SILU sfu_raddr=0x20040048 rdata=0xDD184000
104381.50ns WARNING  cocotb_bridge                      [sfu_mon] op13_SILU sfu_waddr=0x20032034 wdata=0x00000000
104382.50ns WARNING  cocotb_bridge                      [sfu_mon] op13_SILU sfu_raddr=0x20040048 rdata=0xDD184000
104383.50ns WARNING  cocotb_bridge                      [sfu_mon] op13_SILU sfu_raddr=0x2004004C rdata=0xE000DC30
104383.50ns WARNING  cocotb_bridge                      [sfu_mon] op13_SILU sfu_waddr=0x20032038 wdata=0x00000000
104384.50ns WARNING  cocotb_bridge                      [sfu_mon] op13_SILU sfu_raddr=0x2004004C rdata=0xE000DC30
104385.50ns WARNING  cocotb_bridge                      [sfu_mon] op13_SILU sfu_raddr=0x20040050 rdata=0xD8D0DB08
104385.50ns WARNING  cocotb_bridge                      [sfu_mon] op13_SILU sfu_waddr=0x2003203C wdata=0x00000000
104386.50ns WARNING  cocotb_bridge                      [sfu_mon] op13_SILU sfu_raddr=0x20040050 rdata=0xD8D0DB08
104387.50ns WARNING  cocotb_bridge                      [sfu_mon] op13_SILU sfu_raddr=0x20040054 rdata=0xDAF0DCCC
104387.50ns WARNING  cocotb_bridge                      [sfu_mon] op13_SILU sfu_waddr=0x20032040 wdata=0x55000000
104388.50ns WARNING  cocotb_bridge                      [sfu_mon] op13_SILU sfu_raddr=0x20040054 rdata=0xDAF0DCCC
104389.50ns WARNING  cocotb_bridge                      [sfu_mon] op13_SILU sfu_raddr=0x20040058 rdata=0x5A78D280
104389.50ns WARNING  cocotb_bridge                      [sfu_mon] op13_SILU sfu_waddr=0x20032044 wdata=0x00000000
104390.50ns WARNING  cocotb_bridge                      [sfu_mon] op13_SILU sfu_raddr=0x20040058 rdata=0x5A78D280
104391.50ns WARNING  cocotb_bridge                      [sfu_mon] op13_SILU sfu_raddr=0x2004005C rdata=0xE084D800
104391.50ns WARNING  cocotb_bridge                      [sfu_mon] op13_SILU sfu_waddr=0x20032048 wdata=0x00003F0C
104392.50ns WARNING  cocotb_bridge                      [sfu_mon] op13_SILU sfu_raddr=0x2004005C rdata=0xE084D800
104393.50ns WARNING  cocotb_bridge                      [sfu_mon] op13_SILU sfu_raddr=0x20040060 rdata=0x5220D5F0
104393.50ns WARNING  cocotb_bridge                      [sfu_mon] op13_SILU sfu_waddr=0x2003204C wdata=0x00000000
104394.50ns WARNING  cocotb_bridge                      [sfu_mon] op13_SILU sfu_raddr=0x20040060 rdata=0x5220D5F0
104395.50ns WARNING  cocotb_bridge                      [sfu_mon] op13_SILU sfu_raddr=0x20040064 rdata=0xD060DEE8
104395.50ns WARNING  cocotb_bridge                      [sfu_mon] op13_SILU sfu_waddr=0x20032050 wdata=0x00000000
104396.50ns WARNING  cocotb_bridge                      [sfu_mon] op13_SILU sfu_raddr=0x20040064 rdata=0xD060DEE8
104397.50ns WARNING  cocotb_bridge                      [sfu_mon] op13_SILU sfu_raddr=0x20040068 rdata=0xDD90DEC4
104397.50ns WARNING  cocotb_bridge                      [sfu_mon] op13_SILU sfu_waddr=0x20032054 wdata=0x00000000
104398.50ns WARNING  cocotb_bridge                      [sfu_mon] op13_SILU AR addr=0x20040080
104398.50ns WARNING  cocotb_bridge                      [sfu_mon] op13_SILU sfu_raddr=0x20040068 rdata=0xDD90DEC4
104399.50ns WARNING  cocotb_bridge                      [sfu_mon] op13_SILU sfu_raddr=0x2004006C rdata=0x4980C700
104399.50ns WARNING  cocotb_bridge                      [sfu_mon] op13_SILU sfu_waddr=0x20032058 wdata=0x5A780000
104400.50ns WARNING  cocotb_bridge                      [sfu_mon] op13_SILU R data=0xdc84db6857505a18c980d7e05aa8dae8e0a455204ec0db50df10e0bad4e0e0925de858a0e00ed9d8de345b184d40d790d680dd6458d8db28de38dec45d3457b0
104400.50ns WARNING  cocotb_bridge                      [sfu_mon] op13_SILU sfu_raddr=0x2004006C rdata=0x4980C700
104401.50ns WARNING  cocotb_bridge                      [sfu_mon] op13_SILU sfu_raddr=0x20040070 rdata=0xDC80E002
104401.50ns WARNING  cocotb_bridge                      [sfu_mon] op13_SILU sfu_waddr=0x2003205C wdata=0x00000000
104402.50ns WARNING  cocotb_bridge                      [sfu_mon] op13_SILU sfu_raddr=0x20040070 rdata=0xDC80E002
104403.50ns WARNING  cocotb_bridge                      [sfu_mon] op13_SILU sfu_raddr=0x20040074 rdata=0xD958DB40
104403.50ns WARNING  cocotb_bridge                      [sfu_mon] op13_SILU sfu_waddr=0x20032060 wdata=0x52200000
104404.50ns WARNING  cocotb_bridge                      [sfu_mon] op13_SILU sfu_raddr=0x20040074 rdata=0xD958DB40
104405.50ns WARNING  cocotb_bridge                      [sfu_mon] op13_SILU sfu_raddr=0x20040078 rdata=0xDB985160
104405.50ns WARNING  cocotb_bridge                      [sfu_mon] op13_SILU sfu_waddr=0x20032064 wdata=0x00000000
104406.50ns WARNING  cocotb_bridge                      [sfu_mon] op13_SILU sfu_raddr=0x20040078 rdata=0xDB985160
104407.50ns WARNING  cocotb_bridge                      [sfu_mon] op13_SILU sfu_raddr=0x2004007C rdata=0xD8005A40
104407.50ns WARNING  cocotb_bridge                      [sfu_mon] op13_SILU sfu_waddr=0x20032068 wdata=0x00000000
104408.50ns WARNING  cocotb_bridge                      [sfu_mon] op13_SILU sfu_raddr=0x2004007C rdata=0xD8005A40
104409.50ns WARNING  cocotb_bridge                      [sfu_mon] op13_SILU sfu_raddr=0x20040080 rdata=0x5D3457B0
104409.50ns WARNING  cocotb_bridge                      [sfu_mon] op13_SILU sfu_waddr=0x2003206C wdata=0x49809E04
104410.50ns WARNING  cocotb_bridge                      [sfu_mon] op13_SILU sfu_raddr=0x20040080 rdata=0x5D3457B0
104411.50ns WARNING  cocotb_bridge                      [sfu_mon] op13_SILU sfu_raddr=0x20040084 rdata=0xDE38DEC4
104411.50ns WARNING  cocotb_bridge                      [sfu_mon] op13_SILU sfu_waddr=0x20032070 wdata=0x00000000
104412.50ns WARNING  cocotb_bridge                      [sfu_mon] op13_SILU sfu_raddr=0x20040084 rdata=0xDE38DEC4
104413.50ns WARNING  cocotb_bridge                      [sfu_mon] op13_SILU sfu_raddr=0x20040088 rdata=0x58D8DB28
104413.50ns WARNING  cocotb_bridge                      [sfu_mon] op13_SILU sfu_waddr=0x20032074 wdata=0x00000000
104414.50ns WARNING  cocotb_bridge                      [sfu_mon] op13_SILU sfu_raddr=0x20040088 rdata=0x58D8DB28
104415.50ns WARNING  cocotb_bridge                      [sfu_mon] op13_SILU sfu_raddr=0x2004008C rdata=0xD680DD64
104415.50ns WARNING  cocotb_bridge                      [sfu_mon] op13_SILU sfu_waddr=0x20032078 wdata=0x00005160
104416.50ns WARNING  cocotb_bridge                      [sfu_mon] op13_SILU sfu_raddr=0x2004008C rdata=0xD680DD64
104417.50ns WARNING  cocotb_bridge                      [sfu_mon] op13_SILU sfu_raddr=0x20040090 rdata=0x4D40D790
104417.50ns WARNING  cocotb_bridge                      [sfu_mon] op13_SILU sfu_waddr=0x2003207C wdata=0x00005A40
104418.50ns WARNING  cocotb_bridge                      [sfu_mon] op13_SILU sfu_raddr=0x20040090 rdata=0x4D40D790
104419.50ns WARNING  cocotb_bridge                      [sfu_mon] op13_SILU sfu_raddr=0x20040094 rdata=0xDE345B18
104419.50ns WARNING  cocotb_bridge                      [sfu_mon] op13_SILU sfu_waddr=0x20032080 wdata=0x5D3457B0
104420.50ns WARNING  cocotb_bridge                      [sfu_mon] op13_SILU sfu_raddr=0x20040094 rdata=0xDE345B18
104421.50ns WARNING  cocotb_bridge                      [sfu_mon] op13_SILU sfu_raddr=0x20040098 rdata=0xE00ED9D8
104421.50ns WARNING  cocotb_bridge                      [sfu_mon] op13_SILU sfu_waddr=0x20032084 wdata=0x00000000
104422.50ns WARNING  cocotb_bridge                      [sfu_mon] op13_SILU sfu_raddr=0x20040098 rdata=0xE00ED9D8
104423.50ns WARNING  cocotb_bridge                      [sfu_mon] op13_SILU sfu_raddr=0x2004009C rdata=0x5DE858A0
104423.50ns WARNING  cocotb_bridge                      [sfu_mon] op13_SILU sfu_waddr=0x20032088 wdata=0x58D80000
104424.50ns WARNING  cocotb_bridge                      [sfu_mon] op13_SILU sfu_raddr=0x2004009C rdata=0x5DE858A0
104425.50ns WARNING  cocotb_bridge                      [sfu_mon] op13_SILU sfu_raddr=0x200400A0 rdata=0xD4E0E092
104425.50ns WARNING  cocotb_bridge                      [sfu_mon] op13_SILU sfu_waddr=0x2003208C wdata=0x00000000
104426.50ns WARNING  cocotb_bridge                      [sfu_mon] op13_SILU sfu_raddr=0x200400A0 rdata=0xD4E0E092
104427.50ns WARNING  cocotb_bridge                      [sfu_mon] op13_SILU sfu_raddr=0x200400A4 rdata=0xDF10E0BA
104427.50ns WARNING  cocotb_bridge                      [sfu_mon] op13_SILU sfu_waddr=0x20032090 wdata=0x4D400000
104428.50ns WARNING  cocotb_bridge                      [sfu_mon] op13_SILU sfu_raddr=0x200400A4 rdata=0xDF10E0BA
104429.50ns WARNING  cocotb_bridge                      [sfu_mon] op13_SILU sfu_raddr=0x200400A8 rdata=0x4EC0DB50
104429.50ns WARNING  cocotb_bridge                      [sfu_mon] op13_SILU sfu_waddr=0x20032094 wdata=0x00005B18
104430.50ns WARNING  cocotb_bridge                      [sfu_mon] op13_SILU AR addr=0x200400C0
104430.50ns WARNING  cocotb_bridge                      [sfu_mon] op13_SILU sfu_raddr=0x200400A8 rdata=0x4EC0DB50
104431.50ns WARNING  cocotb_bridge                      [sfu_mon] op13_SILU sfu_raddr=0x200400AC rdata=0xE0A45520
104431.50ns WARNING  cocotb_bridge                      [sfu_mon] op13_SILU sfu_waddr=0x20032098 wdata=0x00000000
104432.50ns WARNING  cocotb_bridge                      [sfu_mon] op13_SILU R data=0xdfb0d8a0cfc04cc0db08e362da10dd44de54583058e85f7847005780dcccd600da68dcf4de38d9b8dc0cdef45a48e16ad700e11cdab85b80da60df4cdebc4800
104432.50ns WARNING  cocotb_bridge                      [sfu_mon] op13_SILU sfu_raddr=0x200400AC rdata=0xE0A45520
104433.50ns WARNING  cocotb_bridge                      [sfu_mon] op13_SILU sfu_raddr=0x200400B0 rdata=0x5AA8DAE8
104433.50ns WARNING  cocotb_bridge                      [sfu_mon] op13_SILU sfu_waddr=0x2003209C wdata=0x5DE858A0
104434.50ns WARNING  cocotb_bridge                      [sfu_mon] op13_SILU sfu_raddr=0x200400B0 rdata=0x5AA8DAE8
104435.50ns WARNING  cocotb_bridge                      [sfu_mon] op13_SILU sfu_raddr=0x200400B4 rdata=0xC980D7E0
104435.50ns WARNING  cocotb_bridge                      [sfu_mon] op13_SILU sfu_waddr=0x200320A0 wdata=0x00000000
104436.50ns WARNING  cocotb_bridge                      [sfu_mon] op13_SILU sfu_raddr=0x200400B4 rdata=0xC980D7E0
104437.50ns WARNING  cocotb_bridge                      [sfu_mon] op13_SILU sfu_raddr=0x200400B8 rdata=0x57505A18
104437.50ns WARNING  cocotb_bridge                      [sfu_mon] op13_SILU sfu_waddr=0x200320A4 wdata=0x00000000
104438.50ns WARNING  cocotb_bridge                      [sfu_mon] op13_SILU sfu_raddr=0x200400B8 rdata=0x57505A18
104439.50ns WARNING  cocotb_bridge                      [sfu_mon] op13_SILU sfu_raddr=0x200400BC rdata=0xDC84DB68
104439.50ns WARNING  cocotb_bridge                      [sfu_mon] op13_SILU sfu_waddr=0x200320A8 wdata=0x4EC00000
104440.50ns WARNING  cocotb_bridge                      [sfu_mon] op13_SILU sfu_raddr=0x200400BC rdata=0xDC84DB68
104441.50ns WARNING  cocotb_bridge                      [sfu_mon] op13_SILU sfu_raddr=0x200400C0 rdata=0xDEBC4800
104441.50ns WARNING  cocotb_bridge                      [sfu_mon] op13_SILU sfu_waddr=0x200320AC wdata=0x00005520
104442.50ns WARNING  cocotb_bridge                      [sfu_mon] op13_SILU sfu_raddr=0x200400C0 rdata=0xDEBC4800
104443.50ns WARNING  cocotb_bridge                      [sfu_mon] op13_SILU sfu_raddr=0x200400C4 rdata=0xDA60DF4C
104443.50ns WARNING  cocotb_bridge                      [sfu_mon] op13_SILU sfu_waddr=0x200320B0 wdata=0x5AA80000
104444.50ns WARNING  cocotb_bridge                      [sfu_mon] op13_SILU sfu_raddr=0x200400C4 rdata=0xDA60DF4C
104445.50ns WARNING  cocotb_bridge                      [sfu_mon] op13_SILU sfu_raddr=0x200400C8 rdata=0xDAB85B80
104445.50ns WARNING  cocotb_bridge                      [sfu_mon] op13_SILU sfu_waddr=0x200320B4 wdata=0x00000000
104446.50ns WARNING  cocotb_bridge                      [sfu_mon] op13_SILU sfu_raddr=0x200400C8 rdata=0xDAB85B80
104447.50ns WARNING  cocotb_bridge                      [sfu_mon] op13_SILU sfu_raddr=0x200400CC rdata=0xD700E11C
104447.50ns WARNING  cocotb_bridge                      [sfu_mon] op13_SILU sfu_waddr=0x200320B8 wdata=0x57505A18
104448.50ns WARNING  cocotb_bridge                      [sfu_mon] op13_SILU sfu_raddr=0x200400CC rdata=0xD700E11C
104449.50ns WARNING  cocotb_bridge                      [sfu_mon] op13_SILU sfu_raddr=0x200400D0 rdata=0x5A48E16A
104449.50ns WARNING  cocotb_bridge                      [sfu_mon] op13_SILU sfu_waddr=0x200320BC wdata=0x00000000
104450.50ns WARNING  cocotb_bridge                      [sfu_mon] op13_SILU sfu_raddr=0x200400D0 rdata=0x5A48E16A
104451.50ns WARNING  cocotb_bridge                      [sfu_mon] op13_SILU sfu_raddr=0x200400D4 rdata=0xDC0CDEF4
104451.50ns WARNING  cocotb_bridge                      [sfu_mon] op13_SILU sfu_waddr=0x200320C0 wdata=0x000047FF
104452.50ns WARNING  cocotb_bridge                      [sfu_mon] op13_SILU sfu_raddr=0x200400D4 rdata=0xDC0CDEF4
104453.50ns WARNING  cocotb_bridge                      [sfu_mon] op13_SILU sfu_raddr=0x200400D8 rdata=0xDE38D9B8
104453.50ns WARNING  cocotb_bridge                      [sfu_mon] op13_SILU sfu_waddr=0x200320C4 wdata=0x00000000
104454.50ns WARNING  cocotb_bridge                      [sfu_mon] op13_SILU sfu_raddr=0x200400D8 rdata=0xDE38D9B8
104455.50ns WARNING  cocotb_bridge                      [sfu_mon] op13_SILU sfu_raddr=0x200400DC rdata=0xDA68DCF4
104455.50ns WARNING  cocotb_bridge                      [sfu_mon] op13_SILU sfu_waddr=0x200320C8 wdata=0x00005B80
104456.50ns WARNING  cocotb_bridge                      [sfu_mon] op13_SILU sfu_raddr=0x200400DC rdata=0xDA68DCF4
104457.50ns WARNING  cocotb_bridge                      [sfu_mon] op13_SILU sfu_raddr=0x200400E0 rdata=0xDCCCD600
104457.50ns WARNING  cocotb_bridge                      [sfu_mon] op13_SILU sfu_waddr=0x200320CC wdata=0x00000000
104458.50ns WARNING  cocotb_bridge                      [sfu_mon] op13_SILU sfu_raddr=0x200400E0 rdata=0xDCCCD600
104459.50ns WARNING  cocotb_bridge                      [sfu_mon] op13_SILU sfu_raddr=0x200400E4 rdata=0x47005780
104459.50ns WARNING  cocotb_bridge                      [sfu_mon] op13_SILU sfu_waddr=0x200320D0 wdata=0x5A480000
104460.50ns WARNING  cocotb_bridge                      [sfu_mon] op13_SILU sfu_raddr=0x200400E4 rdata=0x47005780
104461.50ns WARNING  cocotb_bridge                      [sfu_mon] op13_SILU sfu_raddr=0x200400E8 rdata=0x58E85F78
104461.50ns WARNING  cocotb_bridge                      [sfu_mon] op13_SILU sfu_waddr=0x200320D4 wdata=0x00000000
104462.50ns WARNING  cocotb_bridge                      [sfu_mon] op13_SILU AR addr=0x20040100
104462.50ns WARNING  cocotb_bridge                      [sfu_mon] op13_SILU sfu_raddr=0x200400E8 rdata=0x58E85F78
104463.50ns WARNING  cocotb_bridge                      [sfu_mon] op13_SILU sfu_raddr=0x200400EC rdata=0xDE545830
104463.50ns WARNING  cocotb_bridge                      [sfu_mon] op13_SILU sfu_waddr=0x200320D8 wdata=0x00000000
104464.50ns WARNING  cocotb_bridge                      [sfu_mon] op13_SILU R data=0xdf1c5520dc04d750df985800d8c0dd3458f0e018da38db80dd48d730d7705d3ce166dd34de04df404c40d6705430de74cc0058e059b0cec0dd3ccc40daa8d800
104464.50ns WARNING  cocotb_bridge                      [sfu_mon] op13_SILU sfu_raddr=0x200400EC rdata=0xDE545830
104465.50ns WARNING  cocotb_bridge                      [sfu_mon] op13_SILU sfu_raddr=0x200400F0 rdata=0xDA10DD44
104465.50ns WARNING  cocotb_bridge                      [sfu_mon] op13_SILU sfu_waddr=0x200320DC wdata=0x00000000
104466.50ns WARNING  cocotb_bridge                      [sfu_mon] op13_SILU sfu_raddr=0x200400F0 rdata=0xDA10DD44
104467.50ns WARNING  cocotb_bridge                      [sfu_mon] op13_SILU sfu_raddr=0x200400F4 rdata=0xDB08E362
104467.50ns WARNING  cocotb_bridge                      [sfu_mon] op13_SILU sfu_waddr=0x200320E0 wdata=0x00000000
104468.50ns WARNING  cocotb_bridge                      [sfu_mon] op13_SILU sfu_raddr=0x200400F4 rdata=0xDB08E362
104469.50ns WARNING  cocotb_bridge                      [sfu_mon] op13_SILU sfu_raddr=0x200400F8 rdata=0xCFC04CC0
104469.50ns WARNING  cocotb_bridge                      [sfu_mon] op13_SILU sfu_waddr=0x200320E4 wdata=0x46FE5780
104470.50ns WARNING  cocotb_bridge                      [sfu_mon] op13_SILU sfu_raddr=0x200400F8 rdata=0xCFC04CC0
104471.50ns WARNING  cocotb_bridge                      [sfu_mon] op13_SILU sfu_raddr=0x200400FC rdata=0xDFB0D8A0
104471.50ns WARNING  cocotb_bridge                      [sfu_mon] op13_SILU sfu_waddr=0x200320E8 wdata=0x58E85F78
104472.50ns WARNING  cocotb_bridge                      [sfu_mon] op13_SILU sfu_raddr=0x200400FC rdata=0xDFB0D8A0
104473.50ns WARNING  cocotb_bridge                      [sfu_mon] op13_SILU sfu_raddr=0x20040100 rdata=0xDAA8D800
104473.50ns WARNING  cocotb_bridge                      [sfu_mon] op13_SILU sfu_waddr=0x200320EC wdata=0x00005830
104474.50ns WARNING  cocotb_bridge                      [sfu_mon] op13_SILU sfu_raddr=0x20040100 rdata=0xDAA8D800
104475.50ns WARNING  cocotb_bridge                      [sfu_mon] op13_SILU sfu_raddr=0x20040104 rdata=0xDD3CCC40
104475.50ns WARNING  cocotb_bridge                      [sfu_mon] op13_SILU sfu_waddr=0x200320F0 wdata=0x00000000
104476.50ns WARNING  cocotb_bridge                      [sfu_mon] op13_SILU sfu_raddr=0x20040104 rdata=0xDD3CCC40
104477.50ns WARNING  cocotb_bridge                      [sfu_mon] op13_SILU sfu_raddr=0x20040108 rdata=0x59B0CEC0
104477.50ns WARNING  cocotb_bridge                      [sfu_mon] op13_SILU sfu_waddr=0x200320F4 wdata=0x00000000
104478.50ns WARNING  cocotb_bridge                      [sfu_mon] op13_SILU sfu_raddr=0x20040108 rdata=0x59B0CEC0
104479.50ns WARNING  cocotb_bridge                      [sfu_mon] op13_SILU sfu_raddr=0x2004010C rdata=0xCC0058E0
104479.50ns WARNING  cocotb_bridge                      [sfu_mon] op13_SILU sfu_waddr=0x200320F8 wdata=0x00004CC0
104480.50ns WARNING  cocotb_bridge                      [sfu_mon] op13_SILU sfu_raddr=0x2004010C rdata=0xCC0058E0
104481.50ns WARNING  cocotb_bridge                      [sfu_mon] op13_SILU sfu_raddr=0x20040110 rdata=0x5430DE74
104481.50ns WARNING  cocotb_bridge                      [sfu_mon] op13_SILU sfu_waddr=0x200320FC wdata=0x00000000
104482.50ns WARNING  cocotb_bridge                      [sfu_mon] op13_SILU sfu_raddr=0x20040110 rdata=0x5430DE74
104483.50ns WARNING  cocotb_bridge                      [sfu_mon] op13_SILU sfu_raddr=0x20040114 rdata=0x4C40D670
104483.50ns WARNING  cocotb_bridge                      [sfu_mon] op13_SILU sfu_waddr=0x20032100 wdata=0x00000000
104484.50ns WARNING  cocotb_bridge                      [sfu_mon] op13_SILU sfu_raddr=0x20040114 rdata=0x4C40D670
104485.50ns WARNING  cocotb_bridge                      [sfu_mon] op13_SILU sfu_raddr=0x20040118 rdata=0xDE04DF40
104485.50ns WARNING  cocotb_bridge                      [sfu_mon] op13_SILU sfu_waddr=0x20032104 wdata=0x00000000
104486.50ns WARNING  cocotb_bridge                      [sfu_mon] op13_SILU sfu_raddr=0x20040118 rdata=0xDE04DF40
104487.50ns WARNING  cocotb_bridge                      [sfu_mon] op13_SILU sfu_raddr=0x2004011C rdata=0xE166DD34
104487.50ns WARNING  cocotb_bridge                      [sfu_mon] op13_SILU sfu_waddr=0x20032108 wdata=0x59B00000
104488.50ns WARNING  cocotb_bridge                      [sfu_mon] op13_SILU sfu_raddr=0x2004011C rdata=0xE166DD34
104489.50ns WARNING  cocotb_bridge                      [sfu_mon] op13_SILU sfu_raddr=0x20040120 rdata=0xD7705D3C
104489.50ns WARNING  cocotb_bridge                      [sfu_mon] op13_SILU sfu_waddr=0x2003210C wdata=0x000058E0
104490.50ns WARNING  cocotb_bridge                      [sfu_mon] op13_SILU sfu_raddr=0x20040120 rdata=0xD7705D3C
104491.50ns WARNING  cocotb_bridge                      [sfu_mon] op13_SILU sfu_raddr=0x20040124 rdata=0xDD48D730
104491.50ns WARNING  cocotb_bridge                      [sfu_mon] op13_SILU sfu_waddr=0x20032110 wdata=0x54300000
104492.50ns WARNING  cocotb_bridge                      [sfu_mon] op13_SILU sfu_raddr=0x20040124 rdata=0xDD48D730
104493.50ns WARNING  cocotb_bridge                      [sfu_mon] op13_SILU sfu_raddr=0x20040128 rdata=0xDA38DB80
104493.50ns WARNING  cocotb_bridge                      [sfu_mon] op13_SILU sfu_waddr=0x20032114 wdata=0x4C400000
104494.50ns WARNING  cocotb_bridge                      [sfu_mon] op13_SILU AR addr=0x20040140
104494.50ns WARNING  cocotb_bridge                      [sfu_mon] op13_SILU sfu_raddr=0x20040128 rdata=0xDA38DB80
104495.50ns WARNING  cocotb_bridge                      [sfu_mon] op13_SILU sfu_raddr=0x2004012C rdata=0x58F0E018
104495.50ns WARNING  cocotb_bridge                      [sfu_mon] op13_SILU sfu_waddr=0x20032118 wdata=0x00000000
104496.50ns WARNING  cocotb_bridge                      [sfu_mon] op13_SILU R data=0xdd54d5d0df40e024dbf8dea4e1b0dd9855f0dc88e00ad640d6a0dc105b205480dcf859305a104b00d850d02050e0db90e14adab8d1c0dd24d540d9c0d7a0ded8
104496.50ns WARNING  cocotb_bridge                      [sfu_mon] op13_SILU sfu_raddr=0x2004012C rdata=0x58F0E018
104497.50ns WARNING  cocotb_bridge                      [sfu_mon] op13_SILU sfu_raddr=0x20040130 rdata=0xD8C0DD34
104497.50ns WARNING  cocotb_bridge                      [sfu_mon] op13_SILU sfu_waddr=0x2003211C wdata=0x00000000
104498.50ns WARNING  cocotb_bridge                      [sfu_mon] op13_SILU sfu_raddr=0x20040130 rdata=0xD8C0DD34
104499.50ns WARNING  cocotb_bridge                      [sfu_mon] op13_SILU sfu_raddr=0x20040134 rdata=0xDF985800
104499.50ns WARNING  cocotb_bridge                      [sfu_mon] op13_SILU sfu_waddr=0x20032120 wdata=0x00005D3C
104500.50ns WARNING  cocotb_bridge                      [sfu_mon] op13_SILU sfu_raddr=0x20040134 rdata=0xDF985800
104501.50ns WARNING  cocotb_bridge                      [sfu_mon] op13_SILU sfu_raddr=0x20040138 rdata=0xDC04D750
104501.50ns WARNING  cocotb_bridge                      [sfu_mon] op13_SILU sfu_waddr=0x20032124 wdata=0x00000000
104502.50ns WARNING  cocotb_bridge                      [sfu_mon] op13_SILU sfu_raddr=0x20040138 rdata=0xDC04D750
104503.50ns WARNING  cocotb_bridge                      [sfu_mon] op13_SILU sfu_raddr=0x2004013C rdata=0xDF1C5520
104503.50ns WARNING  cocotb_bridge                      [sfu_mon] op13_SILU sfu_waddr=0x20032128 wdata=0x00000000
104504.50ns WARNING  cocotb_bridge                      [sfu_mon] op13_SILU sfu_raddr=0x2004013C rdata=0xDF1C5520
104505.50ns WARNING  cocotb_bridge                      [sfu_mon] op13_SILU sfu_raddr=0x20040140 rdata=0xD7A0DED8
104505.50ns WARNING  cocotb_bridge                      [sfu_mon] op13_SILU sfu_waddr=0x2003212C wdata=0x58F00000
104506.50ns WARNING  cocotb_bridge                      [sfu_mon] op13_SILU sfu_raddr=0x20040140 rdata=0xD7A0DED8
104507.50ns WARNING  cocotb_bridge                      [sfu_mon] op13_SILU sfu_raddr=0x20040144 rdata=0xD540D9C0
104507.50ns WARNING  cocotb_bridge                      [sfu_mon] op13_SILU sfu_waddr=0x20032130 wdata=0x00000000
104508.50ns WARNING  cocotb_bridge                      [sfu_mon] op13_SILU sfu_raddr=0x20040144 rdata=0xD540D9C0
104509.50ns WARNING  cocotb_bridge                      [sfu_mon] op13_SILU sfu_raddr=0x20040148 rdata=0xD1C0DD24
104509.50ns WARNING  cocotb_bridge                      [sfu_mon] op13_SILU sfu_waddr=0x20032134 wdata=0x00005800
104510.50ns WARNING  cocotb_bridge                      [sfu_mon] op13_SILU sfu_raddr=0x20040148 rdata=0xD1C0DD24
104511.50ns WARNING  cocotb_bridge                      [sfu_mon] op13_SILU sfu_raddr=0x2004014C rdata=0xE14ADAB8
104511.50ns WARNING  cocotb_bridge                      [sfu_mon] op13_SILU sfu_waddr=0x20032138 wdata=0x00000000
104512.50ns WARNING  cocotb_bridge                      [sfu_mon] op13_SILU sfu_raddr=0x2004014C rdata=0xE14ADAB8
104513.50ns WARNING  cocotb_bridge                      [sfu_mon] op13_SILU sfu_raddr=0x20040150 rdata=0x50E0DB90
104513.50ns WARNING  cocotb_bridge                      [sfu_mon] op13_SILU sfu_waddr=0x2003213C wdata=0x00005520
104514.50ns WARNING  cocotb_bridge                      [sfu_mon] op13_SILU sfu_raddr=0x20040150 rdata=0x50E0DB90
104515.50ns WARNING  cocotb_bridge                      [sfu_mon] op13_SILU sfu_raddr=0x20040154 rdata=0xD850D020
104515.50ns WARNING  cocotb_bridge                      [sfu_mon] op13_SILU sfu_waddr=0x20032140 wdata=0x00000000
104516.50ns WARNING  cocotb_bridge                      [sfu_mon] op13_SILU sfu_raddr=0x20040154 rdata=0xD850D020
104517.50ns WARNING  cocotb_bridge                      [sfu_mon] op13_SILU sfu_raddr=0x20040158 rdata=0x5A104B00
104517.50ns WARNING  cocotb_bridge                      [sfu_mon] op13_SILU sfu_waddr=0x20032144 wdata=0x00000000
104518.50ns WARNING  cocotb_bridge                      [sfu_mon] op13_SILU sfu_raddr=0x20040158 rdata=0x5A104B00
104519.50ns WARNING  cocotb_bridge                      [sfu_mon] op13_SILU sfu_raddr=0x2004015C rdata=0xDCF85930
104519.50ns WARNING  cocotb_bridge                      [sfu_mon] op13_SILU sfu_waddr=0x20032148 wdata=0x00000000
104520.50ns WARNING  cocotb_bridge                      [sfu_mon] op13_SILU sfu_raddr=0x2004015C rdata=0xDCF85930
104521.50ns WARNING  cocotb_bridge                      [sfu_mon] op13_SILU sfu_raddr=0x20040160 rdata=0x5B205480
104521.50ns WARNING  cocotb_bridge                      [sfu_mon] op13_SILU sfu_waddr=0x2003214C wdata=0x00000000
104522.50ns WARNING  cocotb_bridge                      [sfu_mon] op13_SILU sfu_raddr=0x20040160 rdata=0x5B205480
104523.50ns WARNING  cocotb_bridge                      [sfu_mon] op13_SILU sfu_raddr=0x20040164 rdata=0xD6A0DC10
104523.50ns WARNING  cocotb_bridge                      [sfu_mon] op13_SILU sfu_waddr=0x20032150 wdata=0x50E00000
104524.50ns WARNING  cocotb_bridge                      [sfu_mon] op13_SILU sfu_raddr=0x20040164 rdata=0xD6A0DC10
104525.50ns WARNING  cocotb_bridge                      [sfu_mon] op13_SILU sfu_raddr=0x20040168 rdata=0xE00AD640
104525.50ns WARNING  cocotb_bridge                      [sfu_mon] op13_SILU sfu_waddr=0x20032154 wdata=0x00000000
104526.50ns WARNING  cocotb_bridge                      [sfu_mon] op13_SILU AR addr=0x20040180
104526.50ns WARNING  cocotb_bridge                      [sfu_mon] op13_SILU sfu_raddr=0x20040168 rdata=0xE00AD640
104527.50ns WARNING  cocotb_bridge                      [sfu_mon] op13_SILU sfu_raddr=0x2004016C rdata=0x55F0DC88
104527.50ns WARNING  cocotb_bridge                      [sfu_mon] op13_SILU sfu_waddr=0x20032158 wdata=0x5A104B00
104528.50ns WARNING  cocotb_bridge                      [sfu_mon] op13_SILU R data=0x5a205690dc24d838da78dbc858885570dba8d2a0d3a0e0c0dc10d540c600dd18d888d440d4d0d850d9e8ddb45b8055705ab0dc54c9004e40d980d380ddccdae8
104528.50ns WARNING  cocotb_bridge                      [sfu_mon] op13_SILU sfu_raddr=0x2004016C rdata=0x55F0DC88
104529.50ns WARNING  cocotb_bridge                      [sfu_mon] op13_SILU sfu_raddr=0x20040170 rdata=0xE1B0DD98
104529.50ns WARNING  cocotb_bridge                      [sfu_mon] op13_SILU sfu_waddr=0x2003215C wdata=0x00005930
104530.50ns WARNING  cocotb_bridge                      [sfu_mon] op13_SILU sfu_raddr=0x20040170 rdata=0xE1B0DD98
104531.50ns WARNING  cocotb_bridge                      [sfu_mon] op13_SILU sfu_raddr=0x20040174 rdata=0xDBF8DEA4
104531.50ns WARNING  cocotb_bridge                      [sfu_mon] op13_SILU sfu_waddr=0x20032160 wdata=0x5B205480
104532.50ns WARNING  cocotb_bridge                      [sfu_mon] op13_SILU sfu_raddr=0x20040174 rdata=0xDBF8DEA4
104533.50ns WARNING  cocotb_bridge                      [sfu_mon] op13_SILU sfu_raddr=0x20040178 rdata=0xDF40E024
104533.50ns WARNING  cocotb_bridge                      [sfu_mon] op13_SILU sfu_waddr=0x20032164 wdata=0x00000000
104534.50ns WARNING  cocotb_bridge                      [sfu_mon] op13_SILU sfu_raddr=0x20040178 rdata=0xDF40E024
104535.50ns WARNING  cocotb_bridge                      [sfu_mon] op13_SILU sfu_raddr=0x2004017C rdata=0xDD54D5D0
104535.50ns WARNING  cocotb_bridge                      [sfu_mon] op13_SILU sfu_waddr=0x20032168 wdata=0x00000000
104536.50ns WARNING  cocotb_bridge                      [sfu_mon] op13_SILU sfu_raddr=0x2004017C rdata=0xDD54D5D0
104537.50ns WARNING  cocotb_bridge                      [sfu_mon] op13_SILU sfu_raddr=0x20040180 rdata=0xDDCCDAE8
104537.50ns WARNING  cocotb_bridge                      [sfu_mon] op13_SILU sfu_waddr=0x2003216C wdata=0x55F00000
104538.50ns WARNING  cocotb_bridge                      [sfu_mon] op13_SILU sfu_raddr=0x20040180 rdata=0xDDCCDAE8
104539.50ns WARNING  cocotb_bridge                      [sfu_mon] op13_SILU sfu_raddr=0x20040184 rdata=0xD980D380
104539.50ns WARNING  cocotb_bridge                      [sfu_mon] op13_SILU sfu_waddr=0x20032170 wdata=0x00000000
104540.50ns WARNING  cocotb_bridge                      [sfu_mon] op13_SILU sfu_raddr=0x20040184 rdata=0xD980D380
104541.50ns WARNING  cocotb_bridge                      [sfu_mon] op13_SILU sfu_raddr=0x20040188 rdata=0xC9004E40
104541.50ns WARNING  cocotb_bridge                      [sfu_mon] op13_SILU sfu_waddr=0x20032174 wdata=0x00000000
104542.50ns WARNING  cocotb_bridge                      [sfu_mon] op13_SILU sfu_raddr=0x20040188 rdata=0xC9004E40
104543.50ns WARNING  cocotb_bridge                      [sfu_mon] op13_SILU sfu_raddr=0x2004018C rdata=0x5AB0DC54
104543.50ns WARNING  cocotb_bridge                      [sfu_mon] op13_SILU sfu_waddr=0x20032178 wdata=0x00000000
104544.50ns WARNING  cocotb_bridge                      [sfu_mon] op13_SILU sfu_raddr=0x2004018C rdata=0x5AB0DC54
104545.50ns WARNING  cocotb_bridge                      [sfu_mon] op13_SILU sfu_raddr=0x20040190 rdata=0x5B805570
104545.50ns WARNING  cocotb_bridge                      [sfu_mon] op13_SILU sfu_waddr=0x2003217C wdata=0x00000000
104546.50ns WARNING  cocotb_bridge                      [sfu_mon] op13_SILU sfu_raddr=0x20040190 rdata=0x5B805570
104547.50ns WARNING  cocotb_bridge                      [sfu_mon] op13_SILU sfu_raddr=0x20040194 rdata=0xD9E8DDB4
104547.50ns WARNING  cocotb_bridge                      [sfu_mon] op13_SILU sfu_waddr=0x20032180 wdata=0x00000000
104548.50ns WARNING  cocotb_bridge                      [sfu_mon] op13_SILU sfu_raddr=0x20040194 rdata=0xD9E8DDB4
104549.50ns WARNING  cocotb_bridge                      [sfu_mon] op13_SILU sfu_raddr=0x20040198 rdata=0xD4D0D850
104549.50ns WARNING  cocotb_bridge                      [sfu_mon] op13_SILU sfu_waddr=0x20032184 wdata=0x00000000
104550.50ns WARNING  cocotb_bridge                      [sfu_mon] op13_SILU sfu_raddr=0x20040198 rdata=0xD4D0D850
104551.50ns WARNING  cocotb_bridge                      [sfu_mon] op13_SILU sfu_raddr=0x2004019C rdata=0xD888D440
104551.50ns WARNING  cocotb_bridge                      [sfu_mon] op13_SILU sfu_waddr=0x20032188 wdata=0x8F804E40
104552.50ns WARNING  cocotb_bridge                      [sfu_mon] op13_SILU sfu_raddr=0x2004019C rdata=0xD888D440
104553.50ns WARNING  cocotb_bridge                      [sfu_mon] op13_SILU sfu_raddr=0x200401A0 rdata=0xC600DD18
104553.50ns WARNING  cocotb_bridge                      [sfu_mon] op13_SILU sfu_waddr=0x2003218C wdata=0x5AB00000
104554.50ns WARNING  cocotb_bridge                      [sfu_mon] op13_SILU sfu_raddr=0x200401A0 rdata=0xC600DD18
104555.50ns WARNING  cocotb_bridge                      [sfu_mon] op13_SILU sfu_raddr=0x200401A4 rdata=0xDC10D540
104555.50ns WARNING  cocotb_bridge                      [sfu_mon] op13_SILU sfu_waddr=0x20032190 wdata=0x5B805570
104556.50ns WARNING  cocotb_bridge                      [sfu_mon] op13_SILU sfu_raddr=0x200401A4 rdata=0xDC10D540
104557.50ns WARNING  cocotb_bridge                      [sfu_mon] op13_SILU sfu_raddr=0x200401A8 rdata=0xD3A0E0C0
104557.50ns WARNING  cocotb_bridge                      [sfu_mon] op13_SILU sfu_waddr=0x20032194 wdata=0x00000000
104558.50ns WARNING  cocotb_bridge                      [sfu_mon] op13_SILU AR addr=0x200401C0
104558.50ns WARNING  cocotb_bridge                      [sfu_mon] op13_SILU sfu_raddr=0x200401A8 rdata=0xD3A0E0C0
104559.50ns WARNING  cocotb_bridge                      [sfu_mon] op13_SILU sfu_raddr=0x200401AC rdata=0xDBA8D2A0
104559.50ns WARNING  cocotb_bridge                      [sfu_mon] op13_SILU sfu_waddr=0x20032198 wdata=0x00000000
104560.50ns WARNING  cocotb_bridge                      [sfu_mon] op13_SILU R data=0xde8054a0e0f65d08d830dd944ec0dc605000d9e8db30de40e150d500dc0cce80e1005d3cdc58dbd8dd90dfd85460deb8dd6859c0e02edc8cd5d0c000dd78db98
104560.50ns WARNING  cocotb_bridge                      [sfu_mon] op13_SILU sfu_raddr=0x200401AC rdata=0xDBA8D2A0
104561.50ns WARNING  cocotb_bridge                      [sfu_mon] op13_SILU sfu_raddr=0x200401B0 rdata=0x58885570
104561.50ns WARNING  cocotb_bridge                      [sfu_mon] op13_SILU sfu_waddr=0x2003219C wdata=0x00000000
104562.50ns WARNING  cocotb_bridge                      [sfu_mon] op13_SILU sfu_raddr=0x200401B0 rdata=0x58885570
104563.50ns WARNING  cocotb_bridge                      [sfu_mon] op13_SILU sfu_raddr=0x200401B4 rdata=0xDA78DBC8
104563.50ns WARNING  cocotb_bridge                      [sfu_mon] op13_SILU sfu_waddr=0x200321A0 wdata=0xA3740000
104564.50ns WARNING  cocotb_bridge                      [sfu_mon] op13_SILU sfu_raddr=0x200401B4 rdata=0xDA78DBC8
104565.50ns WARNING  cocotb_bridge                      [sfu_mon] op13_SILU sfu_raddr=0x200401B8 rdata=0xDC24D838
104565.50ns WARNING  cocotb_bridge                      [sfu_mon] op13_SILU sfu_waddr=0x200321A4 wdata=0x00000000
104566.50ns WARNING  cocotb_bridge                      [sfu_mon] op13_SILU sfu_raddr=0x200401B8 rdata=0xDC24D838
104567.50ns WARNING  cocotb_bridge                      [sfu_mon] op13_SILU sfu_raddr=0x200401BC rdata=0x5A205690
104567.50ns WARNING  cocotb_bridge                      [sfu_mon] op13_SILU sfu_waddr=0x200321A8 wdata=0x00000000
104568.50ns WARNING  cocotb_bridge                      [sfu_mon] op13_SILU sfu_raddr=0x200401BC rdata=0x5A205690
104569.50ns WARNING  cocotb_bridge                      [sfu_mon] op13_SILU sfu_raddr=0x200401C0 rdata=0xDD78DB98
104569.50ns WARNING  cocotb_bridge                      [sfu_mon] op13_SILU sfu_waddr=0x200321AC wdata=0x00000000
104570.50ns WARNING  cocotb_bridge                      [sfu_mon] op13_SILU sfu_raddr=0x200401C0 rdata=0xDD78DB98
104571.50ns WARNING  cocotb_bridge                      [sfu_mon] op13_SILU sfu_raddr=0x200401C4 rdata=0xD5D0C000
104571.50ns WARNING  cocotb_bridge                      [sfu_mon] op13_SILU sfu_waddr=0x200321B0 wdata=0x58885570
104572.50ns WARNING  cocotb_bridge                      [sfu_mon] op13_SILU sfu_raddr=0x200401C4 rdata=0xD5D0C000
104573.50ns WARNING  cocotb_bridge                      [sfu_mon] op13_SILU sfu_raddr=0x200401C8 rdata=0xE02EDC8C
104573.50ns WARNING  cocotb_bridge                      [sfu_mon] op13_SILU sfu_waddr=0x200321B4 wdata=0x00000000
104574.50ns WARNING  cocotb_bridge                      [sfu_mon] op13_SILU sfu_raddr=0x200401C8 rdata=0xE02EDC8C
104575.50ns WARNING  cocotb_bridge                      [sfu_mon] op13_SILU sfu_raddr=0x200401CC rdata=0xDD6859C0
104575.50ns WARNING  cocotb_bridge                      [sfu_mon] op13_SILU sfu_waddr=0x200321B8 wdata=0x00000000
104576.50ns WARNING  cocotb_bridge                      [sfu_mon] op13_SILU sfu_raddr=0x200401CC rdata=0xDD6859C0
104577.50ns WARNING  cocotb_bridge                      [sfu_mon] op13_SILU sfu_raddr=0x200401D0 rdata=0x5460DEB8
104577.50ns WARNING  cocotb_bridge                      [sfu_mon] op13_SILU sfu_waddr=0x200321BC wdata=0x5A205690
104578.50ns WARNING  cocotb_bridge                      [sfu_mon] op13_SILU sfu_raddr=0x200401D0 rdata=0x5460DEB8
104579.50ns WARNING  cocotb_bridge                      [sfu_mon] op13_SILU sfu_raddr=0x200401D4 rdata=0xDD90DFD8
104579.50ns WARNING  cocotb_bridge                      [sfu_mon] op13_SILU sfu_waddr=0x200321C0 wdata=0x00000000
104580.50ns WARNING  cocotb_bridge                      [sfu_mon] op13_SILU sfu_raddr=0x200401D4 rdata=0xDD90DFD8
104581.50ns WARNING  cocotb_bridge                      [sfu_mon] op13_SILU sfu_raddr=0x200401D8 rdata=0xDC58DBD8
104581.50ns WARNING  cocotb_bridge                      [sfu_mon] op13_SILU sfu_waddr=0x200321C4 wdata=0x0000B3A2
104582.50ns WARNING  cocotb_bridge                      [sfu_mon] op13_SILU sfu_raddr=0x200401D8 rdata=0xDC58DBD8
104583.50ns WARNING  cocotb_bridge                      [sfu_mon] op13_SILU sfu_raddr=0x200401DC rdata=0xE1005D3C
104583.50ns WARNING  cocotb_bridge                      [sfu_mon] op13_SILU sfu_waddr=0x200321C8 wdata=0x00000000
104584.50ns WARNING  cocotb_bridge                      [sfu_mon] op13_SILU sfu_raddr=0x200401DC rdata=0xE1005D3C
104585.50ns WARNING  cocotb_bridge                      [sfu_mon] op13_SILU sfu_raddr=0x200401E0 rdata=0xDC0CCE80
104585.50ns WARNING  cocotb_bridge                      [sfu_mon] op13_SILU sfu_waddr=0x200321CC wdata=0x000059C0
104586.50ns WARNING  cocotb_bridge                      [sfu_mon] op13_SILU sfu_raddr=0x200401E0 rdata=0xDC0CCE80
104587.50ns WARNING  cocotb_bridge                      [sfu_mon] op13_SILU sfu_raddr=0x200401E4 rdata=0xE150D500
104587.50ns WARNING  cocotb_bridge                      [sfu_mon] op13_SILU sfu_waddr=0x200321D0 wdata=0x54600000
104588.50ns WARNING  cocotb_bridge                      [sfu_mon] op13_SILU sfu_raddr=0x200401E4 rdata=0xE150D500
104589.50ns WARNING  cocotb_bridge                      [sfu_mon] op13_SILU sfu_raddr=0x200401E8 rdata=0xDB30DE40
104589.50ns WARNING  cocotb_bridge                      [sfu_mon] op13_SILU sfu_waddr=0x200321D4 wdata=0x00000000
104590.50ns WARNING  cocotb_bridge                      [sfu_mon] op13_SILU AR addr=0x20040200
104590.50ns WARNING  cocotb_bridge                      [sfu_mon] op13_SILU sfu_raddr=0x200401E8 rdata=0xDB30DE40
104591.50ns WARNING  cocotb_bridge                      [sfu_mon] op13_SILU sfu_raddr=0x200401EC rdata=0x5000D9E8
104591.50ns WARNING  cocotb_bridge                      [sfu_mon] op13_SILU sfu_waddr=0x200321D8 wdata=0x00000000
104592.50ns WARNING  cocotb_bridge                      [sfu_mon] op13_SILU R data=0xdb48d4e0d730dcc042005bb0ca80dc9ccd40db905890d180cf0052804700deecdf0059a059e0c800d8b84e80d84857705680d8105ce05d84df305908dd0c54c0
104592.50ns WARNING  cocotb_bridge                      [sfu_mon] op13_SILU sfu_raddr=0x200401EC rdata=0x5000D9E8
104593.50ns WARNING  cocotb_bridge                      [sfu_mon] op13_SILU sfu_raddr=0x200401F0 rdata=0x4EC0DC60
104593.50ns WARNING  cocotb_bridge                      [sfu_mon] op13_SILU sfu_waddr=0x200321DC wdata=0x00005D3C
104594.50ns WARNING  cocotb_bridge                      [sfu_mon] op13_SILU sfu_raddr=0x200401F0 rdata=0x4EC0DC60
104595.50ns WARNING  cocotb_bridge                      [sfu_mon] op13_SILU sfu_raddr=0x200401F4 rdata=0xD830DD94
104595.50ns WARNING  cocotb_bridge                      [sfu_mon] op13_SILU sfu_waddr=0x200321E0 wdata=0x00000000
104596.50ns WARNING  cocotb_bridge                      [sfu_mon] op13_SILU sfu_raddr=0x200401F4 rdata=0xD830DD94
104597.50ns WARNING  cocotb_bridge                      [sfu_mon] op13_SILU sfu_raddr=0x200401F8 rdata=0xE0F65D08
104597.50ns WARNING  cocotb_bridge                      [sfu_mon] op13_SILU sfu_waddr=0x200321E4 wdata=0x00000000
104598.50ns WARNING  cocotb_bridge                      [sfu_mon] op13_SILU sfu_raddr=0x200401F8 rdata=0xE0F65D08
104599.50ns WARNING  cocotb_bridge                      [sfu_mon] op13_SILU sfu_raddr=0x200401FC rdata=0xDE8054A0
104599.50ns WARNING  cocotb_bridge                      [sfu_mon] op13_SILU sfu_waddr=0x200321E8 wdata=0x00000000
104600.50ns WARNING  cocotb_bridge                      [sfu_mon] op13_SILU sfu_raddr=0x200401FC rdata=0xDE8054A0
104601.50ns WARNING  cocotb_bridge                      [sfu_mon] op13_SILU sfu_raddr=0x20040200 rdata=0xDD0C54C0
104601.50ns WARNING  cocotb_bridge                      [sfu_mon] op13_SILU sfu_waddr=0x200321EC wdata=0x50000000
104602.50ns WARNING  cocotb_bridge                      [sfu_mon] op13_SILU sfu_raddr=0x20040200 rdata=0xDD0C54C0
104603.50ns WARNING  cocotb_bridge                      [sfu_mon] op13_SILU sfu_raddr=0x20040204 rdata=0xDF305908
104603.50ns WARNING  cocotb_bridge                      [sfu_mon] op13_SILU sfu_waddr=0x200321F0 wdata=0x4EC00000
104604.50ns WARNING  cocotb_bridge                      [sfu_mon] op13_SILU sfu_raddr=0x20040204 rdata=0xDF305908
104605.50ns WARNING  cocotb_bridge                      [sfu_mon] op13_SILU sfu_raddr=0x20040208 rdata=0x5CE05D84
104605.50ns WARNING  cocotb_bridge                      [sfu_mon] op13_SILU sfu_waddr=0x200321F4 wdata=0x00000000
104606.50ns WARNING  cocotb_bridge                      [sfu_mon] op13_SILU sfu_raddr=0x20040208 rdata=0x5CE05D84
104607.50ns WARNING  cocotb_bridge                      [sfu_mon] op13_SILU sfu_raddr=0x2004020C rdata=0x5680D810
104607.50ns WARNING  cocotb_bridge                      [sfu_mon] op13_SILU sfu_waddr=0x200321F8 wdata=0x00005D08
104608.50ns WARNING  cocotb_bridge                      [sfu_mon] op13_SILU sfu_raddr=0x2004020C rdata=0x5680D810
104609.50ns WARNING  cocotb_bridge                      [sfu_mon] op13_SILU sfu_raddr=0x20040210 rdata=0xD8485770
104609.50ns WARNING  cocotb_bridge                      [sfu_mon] op13_SILU sfu_waddr=0x200321FC wdata=0x000054A0
104610.50ns WARNING  cocotb_bridge                      [sfu_mon] op13_SILU sfu_raddr=0x20040210 rdata=0xD8485770
104611.50ns WARNING  cocotb_bridge                      [sfu_mon] op13_SILU sfu_raddr=0x20040214 rdata=0xD8B84E80
104611.50ns WARNING  cocotb_bridge                      [sfu_mon] op13_SILU sfu_waddr=0x20032200 wdata=0x000054C0
104612.50ns WARNING  cocotb_bridge                      [sfu_mon] op13_SILU sfu_raddr=0x20040214 rdata=0xD8B84E80
104613.50ns WARNING  cocotb_bridge                      [sfu_mon] op13_SILU sfu_raddr=0x20040218 rdata=0x59E0C800
104613.50ns WARNING  cocotb_bridge                      [sfu_mon] op13_SILU sfu_waddr=0x20032204 wdata=0x00005908
104614.50ns WARNING  cocotb_bridge                      [sfu_mon] op13_SILU sfu_raddr=0x20040218 rdata=0x59E0C800
104615.50ns WARNING  cocotb_bridge                      [sfu_mon] op13_SILU sfu_raddr=0x2004021C rdata=0xDF0059A0
104615.50ns WARNING  cocotb_bridge                      [sfu_mon] op13_SILU sfu_waddr=0x20032208 wdata=0x5CE05D84
104616.50ns WARNING  cocotb_bridge                      [sfu_mon] op13_SILU sfu_raddr=0x2004021C rdata=0xDF0059A0
104617.50ns WARNING  cocotb_bridge                      [sfu_mon] op13_SILU sfu_raddr=0x20040220 rdata=0x4700DEEC
104617.50ns WARNING  cocotb_bridge                      [sfu_mon] op13_SILU sfu_waddr=0x2003220C wdata=0x56800000
104618.50ns WARNING  cocotb_bridge                      [sfu_mon] op13_SILU sfu_raddr=0x20040220 rdata=0x4700DEEC
104619.50ns WARNING  cocotb_bridge                      [sfu_mon] op13_SILU sfu_raddr=0x20040224 rdata=0xCF005280
104619.50ns WARNING  cocotb_bridge                      [sfu_mon] op13_SILU sfu_waddr=0x20032210 wdata=0x00005770
104620.50ns WARNING  cocotb_bridge                      [sfu_mon] op13_SILU sfu_raddr=0x20040224 rdata=0xCF005280
104621.50ns WARNING  cocotb_bridge                      [sfu_mon] op13_SILU sfu_raddr=0x20040228 rdata=0x5890D180
104621.50ns WARNING  cocotb_bridge                      [sfu_mon] op13_SILU sfu_waddr=0x20032214 wdata=0x00004E80
104622.50ns WARNING  cocotb_bridge                      [sfu_mon] op13_SILU AR addr=0x20040240
104622.50ns WARNING  cocotb_bridge                      [sfu_mon] op13_SILU sfu_raddr=0x20040228 rdata=0x5890D180
104623.50ns WARNING  cocotb_bridge                      [sfu_mon] op13_SILU sfu_raddr=0x2004022C rdata=0xCD40DB90
104623.50ns WARNING  cocotb_bridge                      [sfu_mon] op13_SILU sfu_waddr=0x20032218 wdata=0x59E098C0
104624.50ns WARNING  cocotb_bridge                      [sfu_mon] op13_SILU R data=0xd9b8ce40d878d3a0dda0df7cdb38df2cdef45520da58d240dd98dc685f20daa05bd8ddb0d500d8d8dc50e066e100d64058d8dd7cd55051a0d780d950e0e05828
104624.50ns WARNING  cocotb_bridge                      [sfu_mon] op13_SILU sfu_raddr=0x2004022C rdata=0xCD40DB90
104625.50ns WARNING  cocotb_bridge                      [sfu_mon] op13_SILU sfu_raddr=0x20040230 rdata=0xCA80DC9C
104625.50ns WARNING  cocotb_bridge                      [sfu_mon] op13_SILU sfu_waddr=0x2003221C wdata=0x000059A0
104626.50ns WARNING  cocotb_bridge                      [sfu_mon] op13_SILU sfu_raddr=0x20040230 rdata=0xCA80DC9C
104627.50ns WARNING  cocotb_bridge                      [sfu_mon] op13_SILU sfu_raddr=0x20040234 rdata=0x42005BB0
104627.50ns WARNING  cocotb_bridge                      [sfu_mon] op13_SILU sfu_waddr=0x20032220 wdata=0x46FE0000
104628.50ns WARNING  cocotb_bridge                      [sfu_mon] op13_SILU sfu_raddr=0x20040234 rdata=0x42005BB0
104629.50ns WARNING  cocotb_bridge                      [sfu_mon] op13_SILU sfu_raddr=0x20040238 rdata=0xD730DCC0
104629.50ns WARNING  cocotb_bridge                      [sfu_mon] op13_SILU sfu_waddr=0x20032224 wdata=0x00005280
104630.50ns WARNING  cocotb_bridge                      [sfu_mon] op13_SILU sfu_raddr=0x20040238 rdata=0xD730DCC0
104631.50ns WARNING  cocotb_bridge                      [sfu_mon] op13_SILU sfu_raddr=0x2004023C rdata=0xDB48D4E0
104631.50ns WARNING  cocotb_bridge                      [sfu_mon] op13_SILU sfu_waddr=0x20032228 wdata=0x58900000
104632.50ns WARNING  cocotb_bridge                      [sfu_mon] op13_SILU sfu_raddr=0x2004023C rdata=0xDB48D4E0
104633.50ns WARNING  cocotb_bridge                      [sfu_mon] op13_SILU sfu_raddr=0x20040240 rdata=0xE0E05828
104633.50ns WARNING  cocotb_bridge                      [sfu_mon] op13_SILU sfu_waddr=0x2003222C wdata=0x00000000
104634.50ns WARNING  cocotb_bridge                      [sfu_mon] op13_SILU sfu_raddr=0x20040240 rdata=0xE0E05828
104635.50ns WARNING  cocotb_bridge                      [sfu_mon] op13_SILU sfu_raddr=0x20040244 rdata=0xD780D950
104635.50ns WARNING  cocotb_bridge                      [sfu_mon] op13_SILU sfu_waddr=0x20032230 wdata=0x00000000
104636.50ns WARNING  cocotb_bridge                      [sfu_mon] op13_SILU sfu_raddr=0x20040244 rdata=0xD780D950
104637.50ns WARNING  cocotb_bridge                      [sfu_mon] op13_SILU sfu_raddr=0x20040248 rdata=0xD55051A0
104637.50ns WARNING  cocotb_bridge                      [sfu_mon] op13_SILU sfu_waddr=0x20032234 wdata=0x41B75BB0
104638.50ns WARNING  cocotb_bridge                      [sfu_mon] op13_SILU sfu_raddr=0x20040248 rdata=0xD55051A0
104639.50ns WARNING  cocotb_bridge                      [sfu_mon] op13_SILU sfu_raddr=0x2004024C rdata=0x58D8DD7C
104639.50ns WARNING  cocotb_bridge                      [sfu_mon] op13_SILU sfu_waddr=0x20032238 wdata=0x00000000
104640.50ns WARNING  cocotb_bridge                      [sfu_mon] op13_SILU sfu_raddr=0x2004024C rdata=0x58D8DD7C
104641.50ns WARNING  cocotb_bridge                      [sfu_mon] op13_SILU sfu_raddr=0x20040250 rdata=0xE100D640
104641.50ns WARNING  cocotb_bridge                      [sfu_mon] op13_SILU sfu_waddr=0x2003223C wdata=0x00000000
104642.50ns WARNING  cocotb_bridge                      [sfu_mon] op13_SILU sfu_raddr=0x20040250 rdata=0xE100D640
104643.50ns WARNING  cocotb_bridge                      [sfu_mon] op13_SILU sfu_raddr=0x20040254 rdata=0xDC50E066
104643.50ns WARNING  cocotb_bridge                      [sfu_mon] op13_SILU sfu_waddr=0x20032240 wdata=0x00005828
104644.50ns WARNING  cocotb_bridge                      [sfu_mon] op13_SILU sfu_raddr=0x20040254 rdata=0xDC50E066
104645.50ns WARNING  cocotb_bridge                      [sfu_mon] op13_SILU sfu_raddr=0x20040258 rdata=0xD500D8D8
104645.50ns WARNING  cocotb_bridge                      [sfu_mon] op13_SILU sfu_waddr=0x20032244 wdata=0x00000000
104646.50ns WARNING  cocotb_bridge                      [sfu_mon] op13_SILU sfu_raddr=0x20040258 rdata=0xD500D8D8
104647.50ns WARNING  cocotb_bridge                      [sfu_mon] op13_SILU sfu_raddr=0x2004025C rdata=0x5BD8DDB0
104647.50ns WARNING  cocotb_bridge                      [sfu_mon] op13_SILU sfu_waddr=0x20032248 wdata=0x000051A0
104648.50ns WARNING  cocotb_bridge                      [sfu_mon] op13_SILU sfu_raddr=0x2004025C rdata=0x5BD8DDB0
104649.50ns WARNING  cocotb_bridge                      [sfu_mon] op13_SILU sfu_raddr=0x20040260 rdata=0x5F20DAA0
104649.50ns WARNING  cocotb_bridge                      [sfu_mon] op13_SILU sfu_waddr=0x2003224C wdata=0x58D80000
104650.50ns WARNING  cocotb_bridge                      [sfu_mon] op13_SILU sfu_raddr=0x20040260 rdata=0x5F20DAA0
104651.50ns WARNING  cocotb_bridge                      [sfu_mon] op13_SILU sfu_raddr=0x20040264 rdata=0xDD98DC68
104651.50ns WARNING  cocotb_bridge                      [sfu_mon] op13_SILU sfu_waddr=0x20032250 wdata=0x00000000
104652.50ns WARNING  cocotb_bridge                      [sfu_mon] op13_SILU sfu_raddr=0x20040264 rdata=0xDD98DC68
104653.50ns WARNING  cocotb_bridge                      [sfu_mon] op13_SILU sfu_raddr=0x20040268 rdata=0xDA58D240
104653.50ns WARNING  cocotb_bridge                      [sfu_mon] op13_SILU sfu_waddr=0x20032254 wdata=0x00000000
104654.50ns WARNING  cocotb_bridge                      [sfu_mon] op13_SILU AR addr=0x20040280
104654.50ns WARNING  cocotb_bridge                      [sfu_mon] op13_SILU sfu_raddr=0x20040268 rdata=0xDA58D240
104655.50ns WARNING  cocotb_bridge                      [sfu_mon] op13_SILU sfu_raddr=0x2004026C rdata=0xDEF45520
104655.50ns WARNING  cocotb_bridge                      [sfu_mon] op13_SILU sfu_waddr=0x20032258 wdata=0x00000000
104656.50ns WARNING  cocotb_bridge                      [sfu_mon] op13_SILU R data=0xd1205630dc6cdb58dca0d020597052c0d5e0d5a0db88df84dba8cb80dee0dca0dc50dce0de04dba8c9805650dcc0d0a0d700d4f05850d998d8c8da88d8105360
104656.50ns WARNING  cocotb_bridge                      [sfu_mon] op13_SILU sfu_raddr=0x2004026C rdata=0xDEF45520
138905.50ns WARNING  cocotb_bridge                      [diag] op14_VMUL gate*up: input SRAM at 0x20030000 = 00000000000000000801000000000000
140459.50ns WARNING  cocotb_bridge                      [vector_preload diag] B SRAM at 0x20022000 = d80000006a0000004f0000000affffff88ffffff2ffeffff9effffff87feffff17ffffff09000000aafeffff56ffffff7200000091feffff2bffffffa6feffff49feffff5b000000d4feffffc6ffffffc2feffff9cffffff37ffffff38ffffff87feffff2c000000b3ffffffe6feffffe40000005dffffff55ffffff9e000000fbffffffd00000007afdffffecfeffffecfeffffa2ffffff41feffff68ffffff8f0100004f000000d1feffff49ffffff81ffffffa9000000e3ffffff23000000
200475.50ns WARNING  cocotb_bridge                      [BLK0] op 15: weight 12451840 B exceeds 64 KB weight buffer; applying single-tile workaround
200603.50ns WARNING  cocotb_bridge                      [diag] op15_down MMUL: input SRAM at 0x20010000 = 00000000000000000000000000000000
[MXU_FSM] state=1 busy=0 done=0 error=0 t=200745000
[MXU_FSM] state=2 busy=0 done=0 error=0 t=200746000
[MXU_FSM] state=3 busy=0 done=0 error=1 t=200747000
[MXU_FSM] state=4 busy=0 done=0 error=0 t=200748000
[MXU_FSM] state=5 busy=1 done=0 error=0 t=200815000
[MXU_FSM] state=6 busy=0 done=1 error=0 t=200817000
[MXU_FSM] state=0 busy=0 done=0 error=0 t=200818000
202307.50ns WARNING  cocotb_bridge                      [diag] op16_VRESID: input SRAM at 0x20030000 = 3a000000d200000068ffffff8c000000
202745.50ns WARNING  cocotb_bridge                      [vector_preload diag] B SRAM at 0x20022000 = 18dc000084c30000dfdc0000238b00009b19010040160000eba20000b53401003d4f00004e52010096fb000050b90000bccc00007aee000069b10000735500009cf70000e8d4000092c90000e5fc00003e6f0000cf3700000024010085530000ddad000068df000091320000dd3f010089e700001dee0000dab30000e9d20000eeff0000a7c2000001ee00008dba0000f6c20000c2e70000fc970000794a0100b981000082eb0000360a010095d2000079390100f74d01006149010063cd0000
202745.50ns WARNING  cocotb_bridge                      [vector_buf diag] op16_VRESID buf_a[16]: [-632, -325, -6, -65, -340, 214, 15, 214] ... [-33, -298, 472, -228, 245, 65, 263, 468]
202745.50ns WARNING  cocotb_bridge                      [vector_buf diag] op16_VRESID buf_b[16]: [56344, 50052, 56543, 35619, 72091, 5696, 41707, 79029] ... [44098, 83654, 54935, 45330, 60467, 45843, 32441, 66321]
208450.50ns WARNING  cocotb_bridge                      [vector_buf diag] op16_VRESID buf_o[15]: [44371, 55480, 62658, 37989, 71325, 54513, 88933, 49414] ... [60228, 50909, 71364, 58575, 39069, 66904, 52666, 53292]
208450.50ns WARNING  cocotb_bridge                      [vector_buf diag] op16_VRESID buf_o[16]: [55712, 49727, 56537, 35554, 71751, 5910, 41722, 79243] ... [44065, 83356, 55407, 45102, 60712, 45908, 32704, 66789]
208673.50ns ERROR    cocotb_bridge                      [BLK0] Failed ops: ['op5 attn_score MMUL']
208673.50ns INFO     cocotb.regression                  test_qwen_blk0 failed
                                                        Traceback (most recent call last):
                                                          File "/home/prj/zhengs/caduceuscore/CaduceusCore/sim/cocotb_bridge.py", line 3540, in test_qwen_blk0
                                                            assert False, (
                                                                   ^^^^^
                                                        AssertionError: BLK0: 1/17 ops failed: ['op5 attn_score MMUL']
208673.50ns INFO     cocotb.regression                  **************************************************************************************
                                                        ** TEST                          STATUS  SIM TIME (ns)  REAL TIME (s)  RATIO (ns/s) **
                                                        **************************************************************************************
                                                        ** cocotb_bridge.test_qwen_blk0   FAIL      208673.50          22.58       9240.65  **
                                                        **************************************************************************************
                                                        ** TESTS=1 PASS=0 FAIL=1 SKIP=0             208673.50          22.68       9202.59  **
                                                        **************************************************************************************
                                                        
$finish at simulation time            208673501
           V C S   S i m u l a t i o n   R e p o r t 
Time: 208673501 ps
CPU Time:     23.230 seconds;       Data structure size:  40.6Mb
Mon Aug 31 16:23:04 2026
